Workbook

Sheet Marginal Impacts (7.3.1)
B1: 7.3.1
B2: EV | C2: FV | D2: HLV | E2: IV | F2: WV
A3: CORR | B3: =IF('Coefficients (7.3.1)'!C4<'Coefficients (7.3.1)'!B4,"F","R") -> R | C3: =IF('Coefficients (7.3.1)'!C17<'Coefficients (7.3.1)'!B17,"F","R") -> R | D3: =IF('Coefficients (7.3.1)'!C30<'Coefficients (7.3.1)'!B30,"F","R") -> R | E3: =IF('Coefficients (7.3.1)'!C43<'Coefficients (7.3.1)'!B43,"F","R") -> R | F3: =IF('Coefficients (7.3.1)'!C56<'Coefficients (7.3.1)'!B56,"F","R") -> R
B4: =IF('Coefficients (7.3.1)'!C6<'Coefficients (7.3.1)'!B6,"F","R") -> R | C4: =IF('Coefficients (7.3.1)'!C19<'Coefficients (7.3.1)'!B19,"F","R") -> R | D4: =IF('Coefficients (7.3.1)'!C32<'Coefficients (7.3.1)'!B32,"F","R") -> R | E4: =IF('Coefficients (7.3.1)'!C45<'Coefficients (7.3.1)'!B45,"F","R") -> R | F4: =IF('Coefficients (7.3.1)'!C58<'Coefficients (7.3.1)'!B58,"F","R") -> R
B5: =IF('Coefficients (7.3.1)'!C8<'Coefficients (7.3.1)'!B8,"F","R") -> R | C5: =IF('Coefficients (7.3.1)'!C21<'Coefficients (7.3.1)'!B21,"F","R") -> F | D5: =IF('Coefficients (7.3.1)'!C34<'Coefficients (7.3.1)'!B34,"F","R") -> F | E5: =IF('Coefficients (7.3.1)'!C47<'Coefficients (7.3.1)'!B47,"F","R") -> F | F5: =IF('Coefficients (7.3.1)'!C60<'Coefficients (7.3.1)'!B60,"F","R") -> R
B6: =IF('Coefficients (7.3.1)'!C10<'Coefficients (7.3.1)'!B10,"F","R") -> R | C6: =IF('Coefficients (7.3.1)'!C23<'Coefficients (7.3.1)'!B23,"F","R") -> R | D6: =IF('Coefficients (7.3.1)'!C36<'Coefficients (7.3.1)'!B36,"F","R") -> R | E6: =IF('Coefficients (7.3.1)'!C49<'Coefficients (7.3.1)'!B49,"F","R") -> R | F6: =IF('Coefficients (7.3.1)'!C62<'Coefficients (7.3.1)'!B62,"F","R") -> R
B7: =IF('Coefficients (7.3.1)'!C12<'Coefficients (7.3.1)'!B12,"F","R") -> F | C7: =IF('Coefficients (7.3.1)'!C25<'Coefficients (7.3.1)'!B25,"F","R") -> F | D7: =IF('Coefficients (7.3.1)'!C38<'Coefficients (7.3.1)'!B38,"F","R") -> F | E7: =IF('Coefficients (7.3.1)'!C51<'Coefficients (7.3.1)'!B51,"F","R") -> F | F7: =IF('Coefficients (7.3.1)'!C64<'Coefficients (7.3.1)'!B64,"F","R") -> F
A8: GOVEFF | B8: =IF('Coefficients (7.3.1)'!E4<'Coefficients (7.3.1)'!D4,"F","R") -> R | C8: =IF('Coefficients (7.3.1)'!E17<'Coefficients (7.3.1)'!D17,"F","R") -> R | D8: =IF('Coefficients (7.3.1)'!E30<'Coefficients (7.3.1)'!D30,"F","R") -> F | E8: =IF('Coefficients (7.3.1)'!E43<'Coefficients (7.3.1)'!D43,"F","R") -> R | F8: =IF('Coefficients (7.3.1)'!E56<'Coefficients (7.3.1)'!D56,"F","R") -> R
B9: =IF('Coefficients (7.3.1)'!E6<'Coefficients (7.3.1)'!D6,"F","R") -> F | C9: =IF('Coefficients (7.3.1)'!E19<'Coefficients (7.3.1)'!D19,"F","R") -> F | D9: =IF('Coefficients (7.3.1)'!E32<'Coefficients (7.3.1)'!D32,"F","R") -> F | E9: =IF('Coefficients (7.3.1)'!E45<'Coefficients (7.3.1)'!D45,"F","R") -> F | F9: =IF('Coefficients (7.3.1)'!E58<'Coefficients (7.3.1)'!D58,"F","R") -> F
B10: =IF('Coefficients (7.3.1)'!E8<'Coefficients (7.3.1)'!D8,"F","R") -> F | C10: =IF('Coefficients (7.3.1)'!E21<'Coefficients (7.3.1)'!D21,"F","R") -> F | D10: =IF('Coefficients (7.3.1)'!E34<'Coefficients (7.3.1)'!D34,"F","R") -> F | E10: =IF('Coefficients (7.3.1)'!E47<'Coefficients (7.3.1)'!D47,"F","R") -> F | F10: =IF('Coefficients (7.3.1)'!E60<'Coefficients (7.3.1)'!D60,"F","R") -> F
B11: =IF('Coefficients (7.3.1)'!E10<'Coefficients (7.3.1)'!D10,"F","R") -> R | C11: =IF('Coefficients (7.3.1)'!E23<'Coefficients (7.3.1)'!D23,"F","R") -> R | D11: =IF('Coefficients (7.3.1)'!E36<'Coefficients (7.3.1)'!D36,"F","R") -> R | E11: =IF('Coefficients (7.3.1)'!E49<'Coefficients (7.3.1)'!D49,"F","R") -> R | F11: =IF('Coefficients (7.3.1)'!E62<'Coefficients (7.3.1)'!D62,"F","R") -> R
B12: =IF('Coefficients (7.3.1)'!E12<'Coefficients (7.3.1)'!D12,"F","R") -> R | C12: =IF('Coefficients (7.3.1)'!E25<'Coefficients (7.3.1)'!D25,"F","R") -> R | D12: =IF('Coefficients (7.3.1)'!E38<'Coefficients (7.3.1)'!D38,"F","R") -> R | E12: =IF('Coefficients (7.3.1)'!E51<'Coefficients (7.3.1)'!D51,"F","R") -> R | F12: =IF('Coefficients (7.3.1)'!E64<'Coefficients (7.3.1)'!D64,"F","R") -> R
A13: POLST | B13: =IF('Coefficients (7.3.1)'!G4<'Coefficients (7.3.1)'!F4,"F","R") -> R | C13: =IF('Coefficients (7.3.1)'!G17<'Coefficients (7.3.1)'!F17,"F","R") -> R | D13: =IF('Coefficients (7.3.1)'!G30<'Coefficients (7.3.1)'!F30,"F","R") -> R | E13: =IF('Coefficients (7.3.1)'!G43<'Coefficients (7.3.1)'!F43,"F","R") -> R | F13: =IF('Coefficients (7.3.1)'!G56<'Coefficients (7.3.1)'!F56,"F","R") -> R
B14: =IF('Coefficients (7.3.1)'!G6<'Coefficients (7.3.1)'!F6,"F","R") -> R | C14: =IF('Coefficients (7.3.1)'!G19<'Coefficients (7.3.1)'!F19,"F","R") -> F | D14: =IF('Coefficients (7.3.1)'!G32<'Coefficients (7.3.1)'!F32,"F","R") -> F | E14: =IF('Coefficients (7.3.1)'!G45<'Coefficients (7.3.1)'!F45,"F","R") -> R | F14: =IF('Coefficients (7.3.1)'!G58<'Coefficients (7.3.1)'!F58,"F","R") -> R
B15: =IF('Coefficients (7.3.1)'!G8<'Coefficients (7.3.1)'!F8,"F","R") -> F | C15: =IF('Coefficients (7.3.1)'!G21<'Coefficients (7.3.1)'!F21,"F","R") -> F | D15: =IF('Coefficients (7.3.1)'!G34<'Coefficients (7.3.1)'!F34,"F","R") -> F | E15: =IF('Coefficients (7.3.1)'!G47<'Coefficients (7.3.1)'!F47,"F","R") -> F | F15: =IF('Coefficients (7.3.1)'!G60<'Coefficients (7.3.1)'!F60,"F","R") -> R
B16: =IF('Coefficients (7.3.1)'!G10<'Coefficients (7.3.1)'!F10,"F","R") -> R | C16: =IF('Coefficients (7.3.1)'!G23<'Coefficients (7.3.1)'!F23,"F","R") -> R | D16: =IF('Coefficients (7.3.1)'!G36<'Coefficients (7.3.1)'!F36,"F","R") -> R | E16: =IF('Coefficients (7.3.1)'!G49<'Coefficients (7.3.1)'!F49,"F","R") -> R | F16: =IF('Coefficients (7.3.1)'!G62<'Coefficients (7.3.1)'!F62,"F","R") -> R
B17: =IF('Coefficients (7.3.1)'!G12<'Coefficients (7.3.1)'!F12,"F","R") -> F | C17: =IF('Coefficients (7.3.1)'!G25<'Coefficients (7.3.1)'!F25,"F","R") -> F | D17: =IF('Coefficients (7.3.1)'!G38<'Coefficients (7.3.1)'!F38,"F","R") -> F | E17: =IF('Coefficients (7.3.1)'!G51<'Coefficients (7.3.1)'!F51,"F","R") -> F | F17: =IF('Coefficients (7.3.1)'!G64<'Coefficients (7.3.1)'!F64,"F","R") -> F
A18: REG | B18: =IF('Coefficients (7.3.1)'!I4<'Coefficients (7.3.1)'!H4,"F","R") -> R | C18: =IF('Coefficients (7.3.1)'!I17<'Coefficients (7.3.1)'!H17,"F","R") -> R | D18: =IF('Coefficients (7.3.1)'!I30<'Coefficients (7.3.1)'!H30,"F","R") -> R | E18: =IF('Coefficients (7.3.1)'!I43<'Coefficients (7.3.1)'!H43,"F","R") -> R | F18: =IF('Coefficients (7.3.1)'!I56<'Coefficients (7.3.1)'!H56,"F","R") -> R
B19: =IF('Coefficients (7.3.1)'!I6<'Coefficients (7.3.1)'!H6,"F","R") -> R | C19: =IF('Coefficients (7.3.1)'!I19<'Coefficients (7.3.1)'!H19,"F","R") -> F | D19: =IF('Coefficients (7.3.1)'!I32<'Coefficients (7.3.1)'!H32,"F","R") -> F | E19: =IF('Coefficients (7.3.1)'!I45<'Coefficients (7.3.1)'!H45,"F","R") -> R | F19: =IF('Coefficients (7.3.1)'!I58<'Coefficients (7.3.1)'!H58,"F","R") -> R
B20: =IF('Coefficients (7.3.1)'!I8<'Coefficients (7.3.1)'!H8,"F","R") -> R | C20: =IF('Coefficients (7.3.1)'!I21<'Coefficients (7.3.1)'!H21,"F","R") -> F | D20: =IF('Coefficients (7.3.1)'!I34<'Coefficients (7.3.1)'!H34,"F","R") -> F | E20: =IF('Coefficients (7.3.1)'!I47<'Coefficients (7.3.1)'!H47,"F","R") -> F | F20: =IF('Coefficients (7.3.1)'!I60<'Coefficients (7.3.1)'!H60,"F","R") -> F
B21: =IF('Coefficients (7.3.1)'!I10<'Coefficients (7.3.1)'!H10,"F","R") -> R | C21: =IF('Coefficients (7.3.1)'!I23<'Coefficients (7.3.1)'!H23,"F","R") -> R | D21: =IF('Coefficients (7.3.1)'!I36<'Coefficients (7.3.1)'!H36,"F","R") -> R | E21: =IF('Coefficients (7.3.1)'!I49<'Coefficients (7.3.1)'!H49,"F","R") -> R | F21: =IF('Coefficients (7.3.1)'!I62<'Coefficients (7.3.1)'!H62,"F","R") -> R
B22: =IF('Coefficients (7.3.1)'!I12<'Coefficients (7.3.1)'!H12,"F","R") -> F | C22: =IF('Coefficients (7.3.1)'!I25<'Coefficients (7.3.1)'!H25,"F","R") -> F | D22: =IF('Coefficients (7.3.1)'!I38<'Coefficients (7.3.1)'!H38,"F","R") -> F | E22: =IF('Coefficients (7.3.1)'!I51<'Coefficients (7.3.1)'!H51,"F","R") -> F | F22: =IF('Coefficients (7.3.1)'!I64<'Coefficients (7.3.1)'!H64,"F","R") -> F
A23: RULE | B23: =IF('Coefficients (7.3.1)'!K4<'Coefficients (7.3.1)'!J4,"F","R") -> R | C23: =IF('Coefficients (7.3.1)'!K17<'Coefficients (7.3.1)'!J17,"F","R") -> R | D23: =IF('Coefficients (7.3.1)'!K30<'Coefficients (7.3.1)'!J30,"F","R") -> R | E23: =IF('Coefficients (7.3.1)'!K43<'Coefficients (7.3.1)'!J43,"F","R") -> R | F23: =IF('Coefficients (7.3.1)'!K56<'Coefficients (7.3.1)'!J56,"F","R") -> R
B24: =IF('Coefficients (7.3.1)'!K6<'Coefficients (7.3.1)'!J6,"F","R") -> R | C24: =IF('Coefficients (7.3.1)'!K19<'Coefficients (7.3.1)'!J19,"F","R") -> F | D24: =IF('Coefficients (7.3.1)'!K32<'Coefficients (7.3.1)'!J32,"F","R") -> F | E24: =IF('Coefficients (7.3.1)'!K45<'Coefficients (7.3.1)'!J45,"F","R") -> R | F24: =IF('Coefficients (7.3.1)'!K58<'Coefficients (7.3.1)'!J58,"F","R") -> R
B25: =IF('Coefficients (7.3.1)'!K8<'Coefficients (7.3.1)'!J8,"F","R") -> F | C25: =IF('Coefficients (7.3.1)'!K21<'Coefficients (7.3.1)'!J21,"F","R") -> F | D25: =IF('Coefficients (7.3.1)'!K34<'Coefficients (7.3.1)'!J34,"F","R") -> F | E25: =IF('Coefficients (7.3.1)'!K47<'Coefficients (7.3.1)'!J47,"F","R") -> F | F25: =IF('Coefficients (7.3.1)'!K60<'Coefficients (7.3.1)'!J60,"F","R") -> F
B26: =IF('Coefficients (7.3.1)'!K10<'Coefficients (7.3.1)'!J10,"F","R") -> R | C26: =IF('Coefficients (7.3.1)'!K23<'Coefficients (7.3.1)'!J23,"F","R") -> F | D26: =IF('Coefficients (7.3.1)'!K36<'Coefficients (7.3.1)'!J36,"F","R") -> R | E26: =IF('Coefficients (7.3.1)'!K49<'Coefficients (7.3.1)'!J49,"F","R") -> R | F26: =IF('Coefficients (7.3.1)'!K62<'Coefficients (7.3.1)'!J62,"F","R") -> R
B27: =IF('Coefficients (7.3.1)'!K12<'Coefficients (7.3.1)'!J12,"F","R") -> R | C27: =IF('Coefficients (7.3.1)'!K25<'Coefficients (7.3.1)'!J25,"F","R") -> R | D27: =IF('Coefficients (7.3.1)'!K38<'Coefficients (7.3.1)'!J38,"F","R") -> R | E27: =IF('Coefficients (7.3.1)'!K51<'Coefficients (7.3.1)'!J51,"F","R") -> F | F27: =IF('Coefficients (7.3.1)'!K64<'Coefficients (7.3.1)'!J64,"F","R") -> F
A28: VOICE | B28: =IF('Coefficients (7.3.1)'!M4<'Coefficients (7.3.1)'!L4,"F","R") -> F | C28: =IF('Coefficients (7.3.1)'!M17<'Coefficients (7.3.1)'!L17,"F","R") -> R | D28: =IF('Coefficients (7.3.1)'!M30<'Coefficients (7.3.1)'!L30,"F","R") -> F | E28: =IF('Coefficients (7.3.1)'!M43<'Coefficients (7.3.1)'!L43,"F","R") -> F | F28: =IF('Coefficients (7.3.1)'!M56<'Coefficients (7.3.1)'!L56,"F","R") -> F
B29: =IF('Coefficients (7.3.1)'!M6<'Coefficients (7.3.1)'!L6,"F","R") -> R | C29: =IF('Coefficients (7.3.1)'!M19<'Coefficients (7.3.1)'!L19,"F","R") -> R | D29: =IF('Coefficients (7.3.1)'!M32<'Coefficients (7.3.1)'!L32,"F","R") -> F | E29: =IF('Coefficients (7.3.1)'!M45<'Coefficients (7.3.1)'!L45,"F","R") -> F | F29: =IF('Coefficients (7.3.1)'!M58<'Coefficients (7.3.1)'!L58,"F","R") -> F
B30: =IF('Coefficients (7.3.1)'!M8<'Coefficients (7.3.1)'!L8,"F","R") -> R | C30: =IF('Coefficients (7.3.1)'!M21<'Coefficients (7.3.1)'!L21,"F","R") -> R | D30: =IF('Coefficients (7.3.1)'!M34<'Coefficients (7.3.1)'!L34,"F","R") -> F | E30: =IF('Coefficients (7.3.1)'!M47<'Coefficients (7.3.1)'!L47,"F","R") -> R | F30: =IF('Coefficients (7.3.1)'!M60<'Coefficients (7.3.1)'!L60,"F","R") -> F
B31: =IF('Coefficients (7.3.1)'!M10<'Coefficients (7.3.1)'!L10,"F","R") -> R | C31: =IF('Coefficients (7.3.1)'!M23<'Coefficients (7.3.1)'!L23,"F","R") -> R | D31: =IF('Coefficients (7.3.1)'!M36<'Coefficients (7.3.1)'!L36,"F","R") -> R | E31: =IF('Coefficients (7.3.1)'!M49<'Coefficients (7.3.1)'!L49,"F","R") -> R | F31: =IF('Coefficients (7.3.1)'!M62<'Coefficients (7.3.1)'!L62,"F","R") -> R
B32: =IF('Coefficients (7.3.1)'!M12<'Coefficients (7.3.1)'!L12,"F","R") -> R | C32: =IF('Coefficients (7.3.1)'!M25<'Coefficients (7.3.1)'!L25,"F","R") -> F | D32: =IF('Coefficients (7.3.1)'!M38<'Coefficients (7.3.1)'!L38,"F","R") -> R | E32: =IF('Coefficients (7.3.1)'!M51<'Coefficients (7.3.1)'!L51,"F","R") -> R | F32: =IF('Coefficients (7.3.1)'!M64<'Coefficients (7.3.1)'!L64,"F","R") -> R
B35: Fall in Impact | C35: Rise in Impact
A36: Policy Stringency | B36: =(COUNTIF(B3:F3,"F")+COUNTIF(B8:F8,"F")+COUNTIF(B13:F13,"F")+COUNTIF(B18:F18,"F")+COUNTIF(B23:F23,"F")+COUNTIF(B28:F28,"F"))/30 -> 0.16666667 | C36: =(COUNTIF(B3:F3,"R")+COUNTIF(B8:F8,"R")+COUNTIF(B13:F13,"R")+COUNTIF(B18:F18,"R")+COUNTIF(B23:F23,"R")+COUNTIF(B28:F28,"R"))/30 -> 0.83333333
A37: Environmental Innovation | B37: =(COUNTIF(B4:F4,"F")+COUNTIF(B9:F9,"F")+COUNTIF(B14:F14,"F")+COUNTIF(B19:F19,"F")+COUNTIF(B24:F24,"F")+COUNTIF(B29:F29,"F"))/30 -> 0.46666667 | C37: =(COUNTIF(B4:F4,"R")+COUNTIF(B9:F9,"R")+COUNTIF(B14:F14,"R")+COUNTIF(B19:F19,"R")+COUNTIF(B24:F24,"R")+COUNTIF(B29:F29,"R"))/30 -> 0.53333333
A38: Foreign Direct Investment | B38: =(COUNTIF(B5:F5,"F")+COUNTIF(B10:F10,"F")+COUNTIF(B15:F15,"F")+COUNTIF(B20:F20,"F")+COUNTIF(B25:F25,"F")+COUNTIF(B30:F30,"F"))/30 -> 0.76666667 | C38: =(COUNTIF(B5:F5,"R")+COUNTIF(B10:F10,"R")+COUNTIF(B15:F15,"R")+COUNTIF(B20:F20,"R")+COUNTIF(B25:F25,"R")+COUNTIF(B30:F30,"R"))/30 -> 0.23333333
A39: Industrial Share | B39: =(COUNTIF(B6:F6,"F")+COUNTIF(B11:F11,"F")+COUNTIF(B16:F16,"F")+COUNTIF(B21:F21,"F")+COUNTIF(B26:F26,"F")+COUNTIF(B31:F31,"F"))/30 -> 0.033333333 | C39: =(COUNTIF(B6:F6,"R")+COUNTIF(B11:F11,"R")+COUNTIF(B16:F16,"R")+COUNTIF(B21:F21,"R")+COUNTIF(B26:F26,"R")+COUNTIF(B31:F31,"R"))/30 -> 0.96666667
A40: Energy Demand | B40: =(COUNTIF(B7:F7,"F")+COUNTIF(B12:F12,"F")+COUNTIF(B17:F17,"F")+COUNTIF(B22:F22,"F")+COUNTIF(B27:F27,"F")+COUNTIF(B32:F32,"F"))/30 -> 0.6 | C40: =(COUNTIF(B7:F7,"R")+COUNTIF(B12:F12,"R")+COUNTIF(B17:F17,"R")+COUNTIF(B22:F22,"R")+COUNTIF(B27:F27,"R")+COUNTIF(B32:F32,"R"))/30 -> 0.4

Sheet Marginal Impacts (7.2.1)
B1: 7.2.1
B2: EV | C2: FV | D2: HLV | E2: IV | F2: WV
A3: CORR | B3: =IF('Coefficients (7.2.1)'!C4<'Coefficients (7.2.1)'!B4,"F","R") -> R | C3: =IF('Coefficients (7.2.1)'!C17<'Coefficients (7.2.1)'!B17,"F","R") -> R | D3: =IF('Coefficients (7.2.1)'!C30<'Coefficients (7.2.1)'!B30,"F","R") -> F | E3: =IF('Coefficients (7.2.1)'!C43<'Coefficients (7.2.1)'!B43,"F","R") -> F | F3: =IF('Coefficients (7.2.1)'!C56<'Coefficients (7.2.1)'!B56,"F","R") -> R
B4: =IF('Coefficients (7.2.1)'!C6<'Coefficients (7.2.1)'!B6,"F","R") -> F | C4: =IF('Coefficients (7.2.1)'!C19<'Coefficients (7.2.1)'!B19,"F","R") -> F | D4: =IF('Coefficients (7.2.1)'!C32<'Coefficients (7.2.1)'!B32,"F","R") -> F | E4: =IF('Coefficients (7.2.1)'!C45<'Coefficients (7.2.1)'!B45,"F","R") -> F | F4: =IF('Coefficients (7.2.1)'!C58<'Coefficients (7.2.1)'!B58,"F","R") -> F
B5: =IF('Coefficients (7.2.1)'!C8<'Coefficients (7.2.1)'!B8,"F","R") -> F | C5: =IF('Coefficients (7.2.1)'!C21<'Coefficients (7.2.1)'!B21,"F","R") -> R | D5: =IF('Coefficients (7.2.1)'!C34<'Coefficients (7.2.1)'!B34,"F","R") -> R | E5: =IF('Coefficients (7.2.1)'!C47<'Coefficients (7.2.1)'!B47,"F","R") -> R | F5: =IF('Coefficients (7.2.1)'!C60<'Coefficients (7.2.1)'!B60,"F","R") -> R
B6: =IF('Coefficients (7.2.1)'!C10<'Coefficients (7.2.1)'!B10,"F","R") -> R | C6: =IF('Coefficients (7.2.1)'!C23<'Coefficients (7.2.1)'!B23,"F","R") -> R | D6: =IF('Coefficients (7.2.1)'!C36<'Coefficients (7.2.1)'!B36,"F","R") -> R | E6: =IF('Coefficients (7.2.1)'!C49<'Coefficients (7.2.1)'!B49,"F","R") -> R | F6: =IF('Coefficients (7.2.1)'!C62<'Coefficients (7.2.1)'!B62,"F","R") -> R
B7: =IF('Coefficients (7.2.1)'!C12<'Coefficients (7.2.1)'!B12,"F","R") -> F | C7: =IF('Coefficients (7.2.1)'!C25<'Coefficients (7.2.1)'!B25,"F","R") -> F | D7: =IF('Coefficients (7.2.1)'!C38<'Coefficients (7.2.1)'!B38,"F","R") -> F | E7: =IF('Coefficients (7.2.1)'!C51<'Coefficients (7.2.1)'!B51,"F","R") -> F | F7: =IF('Coefficients (7.2.1)'!C64<'Coefficients (7.2.1)'!B64,"F","R") -> F
A8: GOVEFF | B8: =IF('Coefficients (7.2.1)'!E4<'Coefficients (7.2.1)'!D4,"F","R") -> R | C8: =IF('Coefficients (7.2.1)'!E17<'Coefficients (7.2.1)'!D17,"F","R") -> R | D8: =IF('Coefficients (7.2.1)'!E30<'Coefficients (7.2.1)'!D30,"F","R") -> R | E8: =IF('Coefficients (7.2.1)'!E43<'Coefficients (7.2.1)'!D43,"F","R") -> R | F8: =IF('Coefficients (7.2.1)'!E56<'Coefficients (7.2.1)'!D56,"F","R") -> R
B9: =IF('Coefficients (7.2.1)'!E6<'Coefficients (7.2.1)'!D6,"F","R") -> R | C9: =IF('Coefficients (7.2.1)'!E19<'Coefficients (7.2.1)'!D19,"F","R") -> R | D9: =IF('Coefficients (7.2.1)'!E32<'Coefficients (7.2.1)'!D32,"F","R") -> R | E9: =IF('Coefficients (7.2.1)'!E45<'Coefficients (7.2.1)'!D45,"F","R") -> R | F9: =IF('Coefficients (7.2.1)'!E58<'Coefficients (7.2.1)'!D58,"F","R") -> R
B10: =IF('Coefficients (7.2.1)'!E8<'Coefficients (7.2.1)'!D8,"F","R") -> F | C10: =IF('Coefficients (7.2.1)'!E21<'Coefficients (7.2.1)'!D21,"F","R") -> R | D10: =IF('Coefficients (7.2.1)'!E34<'Coefficients (7.2.1)'!D34,"F","R") -> R | E10: =IF('Coefficients (7.2.1)'!E47<'Coefficients (7.2.1)'!D47,"F","R") -> R | F10: =IF('Coefficients (7.2.1)'!E60<'Coefficients (7.2.1)'!D60,"F","R") -> R
B11: =IF('Coefficients (7.2.1)'!E10<'Coefficients (7.2.1)'!D10,"F","R") -> F | C11: =IF('Coefficients (7.2.1)'!E23<'Coefficients (7.2.1)'!D23,"F","R") -> F | D11: =IF('Coefficients (7.2.1)'!E36<'Coefficients (7.2.1)'!D36,"F","R") -> F | E11: =IF('Coefficients (7.2.1)'!E49<'Coefficients (7.2.1)'!D49,"F","R") -> F | F11: =IF('Coefficients (7.2.1)'!E62<'Coefficients (7.2.1)'!D62,"F","R") -> F
B12: =IF('Coefficients (7.2.1)'!E12<'Coefficients (7.2.1)'!D12,"F","R") -> F | C12: =IF('Coefficients (7.2.1)'!E25<'Coefficients (7.2.1)'!D25,"F","R") -> F | D12: =IF('Coefficients (7.2.1)'!E38<'Coefficients (7.2.1)'!D38,"F","R") -> F | E12: =IF('Coefficients (7.2.1)'!E51<'Coefficients (7.2.1)'!D51,"F","R") -> F | F12: =IF('Coefficients (7.2.1)'!E64<'Coefficients (7.2.1)'!D64,"F","R") -> F
A13: POLST | B13: =IF('Coefficients (7.2.1)'!G4<'Coefficients (7.2.1)'!F4,"F","R") -> R | C13: =IF('Coefficients (7.2.1)'!G17<'Coefficients (7.2.1)'!F17,"F","R") -> F | D13: =IF('Coefficients (7.2.1)'!G30<'Coefficients (7.2.1)'!F30,"F","R") -> F | E13: =IF('Coefficients (7.2.1)'!G43<'Coefficients (7.2.1)'!F43,"F","R") -> F | F13: =IF('Coefficients (7.2.1)'!G56<'Coefficients (7.2.1)'!F56,"F","R") -> R
B14: =IF('Coefficients (7.2.1)'!G6<'Coefficients (7.2.1)'!F6,"F","R") -> F | C14: =IF('Coefficients (7.2.1)'!G19<'Coefficients (7.2.1)'!F19,"F","R") -> F | D14: =IF('Coefficients (7.2.1)'!G32<'Coefficients (7.2.1)'!F32,"F","R") -> F | E14: =IF('Coefficients (7.2.1)'!G45<'Coefficients (7.2.1)'!F45,"F","R") -> F | F14: =IF('Coefficients (7.2.1)'!G58<'Coefficients (7.2.1)'!F58,"F","R") -> F
B15: =IF('Coefficients (7.2.1)'!G8<'Coefficients (7.2.1)'!F8,"F","R") -> F | C15: =IF('Coefficients (7.2.1)'!G21<'Coefficients (7.2.1)'!F21,"F","R") -> R | D15: =IF('Coefficients (7.2.1)'!G34<'Coefficients (7.2.1)'!F34,"F","R") -> R | E15: =IF('Coefficients (7.2.1)'!G47<'Coefficients (7.2.1)'!F47,"F","R") -> R | F15: =IF('Coefficients (7.2.1)'!G60<'Coefficients (7.2.1)'!F60,"F","R") -> R
B16: =IF('Coefficients (7.2.1)'!G10<'Coefficients (7.2.1)'!F10,"F","R") -> R | C16: =IF('Coefficients (7.2.1)'!G23<'Coefficients (7.2.1)'!F23,"F","R") -> R | D16: =IF('Coefficients (7.2.1)'!G36<'Coefficients (7.2.1)'!F36,"F","R") -> R | E16: =IF('Coefficients (7.2.1)'!G49<'Coefficients (7.2.1)'!F49,"F","R") -> R | F16: =IF('Coefficients (7.2.1)'!G62<'Coefficients (7.2.1)'!F62,"F","R") -> R
B17: =IF('Coefficients (7.2.1)'!G12<'Coefficients (7.2.1)'!F12,"F","R") -> F | C17: =IF('Coefficients (7.2.1)'!G25<'Coefficients (7.2.1)'!F25,"F","R") -> F | D17: =IF('Coefficients (7.2.1)'!G38<'Coefficients (7.2.1)'!F38,"F","R") -> R | E17: =IF('Coefficients (7.2.1)'!G51<'Coefficients (7.2.1)'!F51,"F","R") -> F | F17: =IF('Coefficients (7.2.1)'!G64<'Coefficients (7.2.1)'!F64,"F","R") -> F
A18: REG | B18: =IF('Coefficients (7.2.1)'!I4<'Coefficients (7.2.1)'!H4,"F","R") -> R | C18: =IF('Coefficients (7.2.1)'!I17<'Coefficients (7.2.1)'!H17,"F","R") -> F | D18: =IF('Coefficients (7.2.1)'!I30<'Coefficients (7.2.1)'!H30,"F","R") -> R | E18: =IF('Coefficients (7.2.1)'!I43<'Coefficients (7.2.1)'!H43,"F","R") -> R | F18: =IF('Coefficients (7.2.1)'!I56<'Coefficients (7.2.1)'!H56,"F","R") -> R
B19: =IF('Coefficients (7.2.1)'!I6<'Coefficients (7.2.1)'!H6,"F","R") -> F | C19: =IF('Coefficients (7.2.1)'!I19<'Coefficients (7.2.1)'!H19,"F","R") -> F | D19: =IF('Coefficients (7.2.1)'!I32<'Coefficients (7.2.1)'!H32,"F","R") -> R | E19: =IF('Coefficients (7.2.1)'!I45<'Coefficients (7.2.1)'!H45,"F","R") -> F | F19: =IF('Coefficients (7.2.1)'!I58<'Coefficients (7.2.1)'!H58,"F","R") -> F
B20: =IF('Coefficients (7.2.1)'!I8<'Coefficients (7.2.1)'!H8,"F","R") -> F | C20: =IF('Coefficients (7.2.1)'!I21<'Coefficients (7.2.1)'!H21,"F","R") -> R | D20: =IF('Coefficients (7.2.1)'!I34<'Coefficients (7.2.1)'!H34,"F","R") -> R | E20: =IF('Coefficients (7.2.1)'!I47<'Coefficients (7.2.1)'!H47,"F","R") -> R | F20: =IF('Coefficients (7.2.1)'!I60<'Coefficients (7.2.1)'!H60,"F","R") -> R
B21: =IF('Coefficients (7.2.1)'!I10<'Coefficients (7.2.1)'!H10,"F","R") -> R | C21: =IF('Coefficients (7.2.1)'!I23<'Coefficients (7.2.1)'!H23,"F","R") -> R | D21: =IF('Coefficients (7.2.1)'!I36<'Coefficients (7.2.1)'!H36,"F","R") -> F | E21: =IF('Coefficients (7.2.1)'!I49<'Coefficients (7.2.1)'!H49,"F","R") -> F | F21: =IF('Coefficients (7.2.1)'!I62<'Coefficients (7.2.1)'!H62,"F","R") -> F
B22: =IF('Coefficients (7.2.1)'!I12<'Coefficients (7.2.1)'!H12,"F","R") -> F | C22: =IF('Coefficients (7.2.1)'!I25<'Coefficients (7.2.1)'!H25,"F","R") -> F | D22: =IF('Coefficients (7.2.1)'!I38<'Coefficients (7.2.1)'!H38,"F","R") -> F | E22: =IF('Coefficients (7.2.1)'!I51<'Coefficients (7.2.1)'!H51,"F","R") -> F | F22: =IF('Coefficients (7.2.1)'!I64<'Coefficients (7.2.1)'!H64,"F","R") -> F
A23: RULE | B23: =IF('Coefficients (7.2.1)'!K4<'Coefficients (7.2.1)'!J4,"F","R") -> R | C23: =IF('Coefficients (7.2.1)'!K17<'Coefficients (7.2.1)'!J17,"F","R") -> F | D23: =IF('Coefficients (7.2.1)'!K30<'Coefficients (7.2.1)'!J30,"F","R") -> F | E23: =IF('Coefficients (7.2.1)'!K43<'Coefficients (7.2.1)'!J43,"F","R") -> R | F23: =IF('Coefficients (7.2.1)'!K56<'Coefficients (7.2.1)'!J56,"F","R") -> F
B24: =IF('Coefficients (7.2.1)'!K6<'Coefficients (7.2.1)'!J6,"F","R") -> R | C24: =IF('Coefficients (7.2.1)'!K19<'Coefficients (7.2.1)'!J19,"F","R") -> R | D24: =IF('Coefficients (7.2.1)'!K32<'Coefficients (7.2.1)'!J32,"F","R") -> F | E24: =IF('Coefficients (7.2.1)'!K45<'Coefficients (7.2.1)'!J45,"F","R") -> F | F24: =IF('Coefficients (7.2.1)'!K58<'Coefficients (7.2.1)'!J58,"F","R") -> R
B25: =IF('Coefficients (7.2.1)'!K8<'Coefficients (7.2.1)'!J8,"F","R") -> F | C25: =IF('Coefficients (7.2.1)'!K21<'Coefficients (7.2.1)'!J21,"F","R") -> R | D25: =IF('Coefficients (7.2.1)'!K34<'Coefficients (7.2.1)'!J34,"F","R") -> R | E25: =IF('Coefficients (7.2.1)'!K47<'Coefficients (7.2.1)'!J47,"F","R") -> R | F25: =IF('Coefficients (7.2.1)'!K60<'Coefficients (7.2.1)'!J60,"F","R") -> R
B26: =IF('Coefficients (7.2.1)'!K10<'Coefficients (7.2.1)'!J10,"F","R") -> R | C26: =IF('Coefficients (7.2.1)'!K23<'Coefficients (7.2.1)'!J23,"F","R") -> R | D26: =IF('Coefficients (7.2.1)'!K36<'Coefficients (7.2.1)'!J36,"F","R") -> R | E26: =IF('Coefficients (7.2.1)'!K49<'Coefficients (7.2.1)'!J49,"F","R") -> R | F26: =IF('Coefficients (7.2.1)'!K62<'Coefficients (7.2.1)'!J62,"F","R") -> R
B27: =IF('Coefficients (7.2.1)'!K12<'Coefficients (7.2.1)'!J12,"F","R") -> F | C27: =IF('Coefficients (7.2.1)'!K25<'Coefficients (7.2.1)'!J25,"F","R") -> F | D27: =IF('Coefficients (7.2.1)'!K38<'Coefficients (7.2.1)'!J38,"F","R") -> R | E27: =IF('Coefficients (7.2.1)'!K51<'Coefficients (7.2.1)'!J51,"F","R") -> R | F27: =IF('Coefficients (7.2.1)'!K64<'Coefficients (7.2.1)'!J64,"F","R") -> F
A28: VOICE | B28: =IF('Coefficients (7.2.1)'!M4<'Coefficients (7.2.1)'!L4,"F","R") -> R | C28: =IF('Coefficients (7.2.1)'!M17<'Coefficients (7.2.1)'!L17,"F","R") -> F | D28: =IF('Coefficients (7.2.1)'!M30<'Coefficients (7.2.1)'!L30,"F","R") -> F | E28: =IF('Coefficients (7.2.1)'!M43<'Coefficients (7.2.1)'!L43,"F","R") -> R | F28: =IF('Coefficients (7.2.1)'!M56<'Coefficients (7.2.1)'!L56,"F","R") -> F
B29: =IF('Coefficients (7.2.1)'!M6<'Coefficients (7.2.1)'!L6,"F","R") -> R | C29: =IF('Coefficients (7.2.1)'!M19<'Coefficients (7.2.1)'!L19,"F","R") -> F | D29: =IF('Coefficients (7.2.1)'!M32<'Coefficients (7.2.1)'!L32,"F","R") -> F | E29: =IF('Coefficients (7.2.1)'!M45<'Coefficients (7.2.1)'!L45,"F","R") -> F | F29: =IF('Coefficients (7.2.1)'!M58<'Coefficients (7.2.1)'!L58,"F","R") -> R
B30: =IF('Coefficients (7.2.1)'!M8<'Coefficients (7.2.1)'!L8,"F","R") -> R | C30: =IF('Coefficients (7.2.1)'!M21<'Coefficients (7.2.1)'!L21,"F","R") -> R | D30: =IF('Coefficients (7.2.1)'!M34<'Coefficients (7.2.1)'!L34,"F","R") -> R | E30: =IF('Coefficients (7.2.1)'!M47<'Coefficients (7.2.1)'!L47,"F","R") -> R | F30: =IF('Coefficients (7.2.1)'!M60<'Coefficients (7.2.1)'!L60,"F","R") -> R
B31: =IF('Coefficients (7.2.1)'!M10<'Coefficients (7.2.1)'!L10,"F","R") -> R | C31: =IF('Coefficients (7.2.1)'!M23<'Coefficients (7.2.1)'!L23,"F","R") -> R | D31: =IF('Coefficients (7.2.1)'!M36<'Coefficients (7.2.1)'!L36,"F","R") -> R | E31: =IF('Coefficients (7.2.1)'!M49<'Coefficients (7.2.1)'!L49,"F","R") -> R | F31: =IF('Coefficients (7.2.1)'!M62<'Coefficients (7.2.1)'!L62,"F","R") -> R
B32: =IF('Coefficients (7.2.1)'!M12<'Coefficients (7.2.1)'!L12,"F","R") -> F | C32: =IF('Coefficients (7.2.1)'!M25<'Coefficients (7.2.1)'!L25,"F","R") -> F | D32: =IF('Coefficients (7.2.1)'!M38<'Coefficients (7.2.1)'!L38,"F","R") -> F | E32: =IF('Coefficients (7.2.1)'!M51<'Coefficients (7.2.1)'!L51,"F","R") -> F | F32: =IF('Coefficients (7.2.1)'!M64<'Coefficients (7.2.1)'!L64,"F","R") -> F
B35: Fall in Impact | C35: Rise in Impact
A36: Policy Stringency | B36: =(COUNTIF(B3:F3,"F")+COUNTIF(B8:F8,"F")+COUNTIF(B13:F13,"F")+COUNTIF(B18:F18,"F")+COUNTIF(B23:F23,"F")+COUNTIF(B28:F28,"F"))/30 -> 0.4 | C36: =(COUNTIF(B3:F3,"R")+COUNTIF(B8:F8,"R")+COUNTIF(B13:F13,"R")+COUNTIF(B18:F18,"R")+COUNTIF(B23:F23,"R")+COUNTIF(B28:F28,"R"))/30 -> 0.6
A37: Environmental Innovation | B37: =(COUNTIF(B4:F4,"F")+COUNTIF(B9:F9,"F")+COUNTIF(B14:F14,"F")+COUNTIF(B19:F19,"F")+COUNTIF(B24:F24,"F")+COUNTIF(B29:F29,"F"))/30 -> 0.63333333 | C37: =(COUNTIF(B4:F4,"R")+COUNTIF(B9:F9,"R")+COUNTIF(B14:F14,"R")+COUNTIF(B19:F19,"R")+COUNTIF(B24:F24,"R")+COUNTIF(B29:F29,"R"))/30 -> 0.36666667
A38: Financial Development | B38: =(COUNTIF(B5:F5,"F")+COUNTIF(B10:F10,"F")+COUNTIF(B15:F15,"F")+COUNTIF(B20:F20,"F")+COUNTIF(B25:F25,"F")+COUNTIF(B30:F30,"F"))/30 -> 0.16666667 | C38: =(COUNTIF(B5:F5,"R")+COUNTIF(B10:F10,"R")+COUNTIF(B15:F15,"R")+COUNTIF(B20:F20,"R")+COUNTIF(B25:F25,"R")+COUNTIF(B30:F30,"R"))/30 -> 0.83333333
A39: Net Energy Import | B39: =(COUNTIF(B6:F6,"F")+COUNTIF(B11:F11,"F")+COUNTIF(B16:F16,"F")+COUNTIF(B21:F21,"F")+COUNTIF(B26:F26,"F")+COUNTIF(B31:F31,"F"))/30 -> 0.26666667 | C39: =(COUNTIF(B6:F6,"R")+COUNTIF(B11:F11,"R")+COUNTIF(B16:F16,"R")+COUNTIF(B21:F21,"R")+COUNTIF(B26:F26,"R")+COUNTIF(B31:F31,"R"))/30 -> 0.73333333
A40: Low Carbon Trade | B40: =(COUNTIF(B7:F7,"F")+COUNTIF(B12:F12,"F")+COUNTIF(B17:F17,"F")+COUNTIF(B22:F22,"F")+COUNTIF(B27:F27,"F")+COUNTIF(B32:F32,"F"))/30 -> 0.9 | C40: =(COUNTIF(B7:F7,"R")+COUNTIF(B12:F12,"R")+COUNTIF(B17:F17,"R")+COUNTIF(B22:F22,"R")+COUNTIF(B27:F27,"R")+COUNTIF(B32:F32,"R"))/30 -> 0.1

Sheet Marginal Impacts (7.1.2)
B1: 7.1.2
B2: EV | C2: FV | D2: HLV | E2: IV | F2: WV
A3: CORR | B3: =IF('Coefficients (7.1.2)'!C4<'Coefficients (7.1.2)'!B4,"F","R") -> F | C3: =IF('Coefficients (7.1.2)'!C17<'Coefficients (7.1.2)'!B17,"F","R") -> F | D3: =IF('Coefficients (7.1.2)'!C30<'Coefficients (7.1.2)'!B30,"F","R") -> F | E3: =IF('Coefficients (7.1.2)'!C43<'Coefficients (7.1.2)'!B43,"F","R") -> F | F3: =IF('Coefficients (7.1.2)'!C56<'Coefficients (7.1.2)'!B56,"F","R") -> F
B4: =IF('Coefficients (7.1.2)'!C6<'Coefficients (7.1.2)'!B6,"F","R") -> R | C4: =IF('Coefficients (7.1.2)'!C19<'Coefficients (7.1.2)'!B19,"F","R") -> R | D4: =IF('Coefficients (7.1.2)'!C32<'Coefficients (7.1.2)'!B32,"F","R") -> R | E4: =IF('Coefficients (7.1.2)'!C45<'Coefficients (7.1.2)'!B45,"F","R") -> R | F4: =IF('Coefficients (7.1.2)'!C58<'Coefficients (7.1.2)'!B58,"F","R") -> F
B5: =IF('Coefficients (7.1.2)'!C8<'Coefficients (7.1.2)'!B8,"F","R") -> F | C5: =IF('Coefficients (7.1.2)'!C21<'Coefficients (7.1.2)'!B21,"F","R") -> R | D5: =IF('Coefficients (7.1.2)'!C34<'Coefficients (7.1.2)'!B34,"F","R") -> R | E5: =IF('Coefficients (7.1.2)'!C47<'Coefficients (7.1.2)'!B47,"F","R") -> F | F5: =IF('Coefficients (7.1.2)'!C60<'Coefficients (7.1.2)'!B60,"F","R") -> R
B6: =IF('Coefficients (7.1.2)'!C10<'Coefficients (7.1.2)'!B10,"F","R") -> F | C6: =IF('Coefficients (7.1.2)'!C23<'Coefficients (7.1.2)'!B23,"F","R") -> F | D6: =IF('Coefficients (7.1.2)'!C36<'Coefficients (7.1.2)'!B36,"F","R") -> F | E6: =IF('Coefficients (7.1.2)'!C49<'Coefficients (7.1.2)'!B49,"F","R") -> F | F6: =IF('Coefficients (7.1.2)'!C62<'Coefficients (7.1.2)'!B62,"F","R") -> F
B7: =IF('Coefficients (7.1.2)'!C12<'Coefficients (7.1.2)'!B12,"F","R") -> F | C7: =IF('Coefficients (7.1.2)'!C25<'Coefficients (7.1.2)'!B25,"F","R") -> F | D7: =IF('Coefficients (7.1.2)'!C38<'Coefficients (7.1.2)'!B38,"F","R") -> F | E7: =IF('Coefficients (7.1.2)'!C51<'Coefficients (7.1.2)'!B51,"F","R") -> F | F7: =IF('Coefficients (7.1.2)'!C64<'Coefficients (7.1.2)'!B64,"F","R") -> F
A8: GOVEFF | B8: =IF('Coefficients (7.1.2)'!E4<'Coefficients (7.1.2)'!D4,"F","R") -> F | C8: =IF('Coefficients (7.1.2)'!E17<'Coefficients (7.1.2)'!D17,"F","R") -> R | D8: =IF('Coefficients (7.1.2)'!E30<'Coefficients (7.1.2)'!D30,"F","R") -> F | E8: =IF('Coefficients (7.1.2)'!E43<'Coefficients (7.1.2)'!D43,"F","R") -> F | F8: =IF('Coefficients (7.1.2)'!E56<'Coefficients (7.1.2)'!D56,"F","R") -> F
B9: =IF('Coefficients (7.1.2)'!E6<'Coefficients (7.1.2)'!D6,"F","R") -> R | C9: =IF('Coefficients (7.1.2)'!E19<'Coefficients (7.1.2)'!D19,"F","R") -> R | D9: =IF('Coefficients (7.1.2)'!E32<'Coefficients (7.1.2)'!D32,"F","R") -> R | E9: =IF('Coefficients (7.1.2)'!E45<'Coefficients (7.1.2)'!D45,"F","R") -> R | F9: =IF('Coefficients (7.1.2)'!E58<'Coefficients (7.1.2)'!D58,"F","R") -> F
B10: =IF('Coefficients (7.1.2)'!E8<'Coefficients (7.1.2)'!D8,"F","R") -> F | C10: =IF('Coefficients (7.1.2)'!E21<'Coefficients (7.1.2)'!D21,"F","R") -> F | D10: =IF('Coefficients (7.1.2)'!E34<'Coefficients (7.1.2)'!D34,"F","R") -> F | E10: =IF('Coefficients (7.1.2)'!E47<'Coefficients (7.1.2)'!D47,"F","R") -> R | F10: =IF('Coefficients (7.1.2)'!E60<'Coefficients (7.1.2)'!D60,"F","R") -> F
B11: =IF('Coefficients (7.1.2)'!E10<'Coefficients (7.1.2)'!D10,"F","R") -> F | C11: =IF('Coefficients (7.1.2)'!E23<'Coefficients (7.1.2)'!D23,"F","R") -> F | D11: =IF('Coefficients (7.1.2)'!E36<'Coefficients (7.1.2)'!D36,"F","R") -> F | E11: =IF('Coefficients (7.1.2)'!E49<'Coefficients (7.1.2)'!D49,"F","R") -> F | F11: =IF('Coefficients (7.1.2)'!E62<'Coefficients (7.1.2)'!D62,"F","R") -> R
B12: =IF('Coefficients (7.1.2)'!E12<'Coefficients (7.1.2)'!D12,"F","R") -> R | C12: =IF('Coefficients (7.1.2)'!E25<'Coefficients (7.1.2)'!D25,"F","R") -> F | D12: =IF('Coefficients (7.1.2)'!E38<'Coefficients (7.1.2)'!D38,"F","R") -> F | E12: =IF('Coefficients (7.1.2)'!E51<'Coefficients (7.1.2)'!D51,"F","R") -> F | F12: =IF('Coefficients (7.1.2)'!E64<'Coefficients (7.1.2)'!D64,"F","R") -> R
A13: POLST | B13: =IF('Coefficients (7.1.2)'!G4<'Coefficients (7.1.2)'!F4,"F","R") -> F | C13: =IF('Coefficients (7.1.2)'!G17<'Coefficients (7.1.2)'!F17,"F","R") -> F | D13: =IF('Coefficients (7.1.2)'!G30<'Coefficients (7.1.2)'!F30,"F","R") -> F | E13: =IF('Coefficients (7.1.2)'!G43<'Coefficients (7.1.2)'!F43,"F","R") -> R | F13: =IF('Coefficients (7.1.2)'!G56<'Coefficients (7.1.2)'!F56,"F","R") -> F
B14: =IF('Coefficients (7.1.2)'!G6<'Coefficients (7.1.2)'!F6,"F","R") -> R | C14: =IF('Coefficients (7.1.2)'!G19<'Coefficients (7.1.2)'!F19,"F","R") -> R | D14: =IF('Coefficients (7.1.2)'!G32<'Coefficients (7.1.2)'!F32,"F","R") -> R | E14: =IF('Coefficients (7.1.2)'!G45<'Coefficients (7.1.2)'!F45,"F","R") -> R | F14: =IF('Coefficients (7.1.2)'!G58<'Coefficients (7.1.2)'!F58,"F","R") -> R
B15: =IF('Coefficients (7.1.2)'!G8<'Coefficients (7.1.2)'!F8,"F","R") -> F | C15: =IF('Coefficients (7.1.2)'!G21<'Coefficients (7.1.2)'!F21,"F","R") -> F | D15: =IF('Coefficients (7.1.2)'!G34<'Coefficients (7.1.2)'!F34,"F","R") -> F | E15: =IF('Coefficients (7.1.2)'!G47<'Coefficients (7.1.2)'!F47,"F","R") -> R | F15: =IF('Coefficients (7.1.2)'!G60<'Coefficients (7.1.2)'!F60,"F","R") -> F
B16: =IF('Coefficients (7.1.2)'!G10<'Coefficients (7.1.2)'!F10,"F","R") -> F | C16: =IF('Coefficients (7.1.2)'!G23<'Coefficients (7.1.2)'!F23,"F","R") -> F | D16: =IF('Coefficients (7.1.2)'!G36<'Coefficients (7.1.2)'!F36,"F","R") -> F | E16: =IF('Coefficients (7.1.2)'!G49<'Coefficients (7.1.2)'!F49,"F","R") -> F | F16: =IF('Coefficients (7.1.2)'!G62<'Coefficients (7.1.2)'!F62,"F","R") -> F
B17: =IF('Coefficients (7.1.2)'!G12<'Coefficients (7.1.2)'!F12,"F","R") -> F | C17: =IF('Coefficients (7.1.2)'!G25<'Coefficients (7.1.2)'!F25,"F","R") -> F | D17: =IF('Coefficients (7.1.2)'!G38<'Coefficients (7.1.2)'!F38,"F","R") -> F | E17: =IF('Coefficients (7.1.2)'!G51<'Coefficients (7.1.2)'!F51,"F","R") -> F | F17: =IF('Coefficients (7.1.2)'!G64<'Coefficients (7.1.2)'!F64,"F","R") -> R
A18: REG | B18: =IF('Coefficients (7.1.2)'!I4<'Coefficients (7.1.2)'!H4,"F","R") -> F | C18: =IF('Coefficients (7.1.2)'!I17<'Coefficients (7.1.2)'!H17,"F","R") -> R | D18: =IF('Coefficients (7.1.2)'!I30<'Coefficients (7.1.2)'!H30,"F","R") -> F | E18: =IF('Coefficients (7.1.2)'!I43<'Coefficients (7.1.2)'!H43,"F","R") -> F | F18: =IF('Coefficients (7.1.2)'!I56<'Coefficients (7.1.2)'!H56,"F","R") -> F
B19: =IF('Coefficients (7.1.2)'!I6<'Coefficients (7.1.2)'!H6,"F","R") -> R | C19: =IF('Coefficients (7.1.2)'!I19<'Coefficients (7.1.2)'!H19,"F","R") -> R | D19: =IF('Coefficients (7.1.2)'!I32<'Coefficients (7.1.2)'!H32,"F","R") -> R | E19: =IF('Coefficients (7.1.2)'!I45<'Coefficients (7.1.2)'!H45,"F","R") -> R | F19: =IF('Coefficients (7.1.2)'!I58<'Coefficients (7.1.2)'!H58,"F","R") -> F
B20: =IF('Coefficients (7.1.2)'!I8<'Coefficients (7.1.2)'!H8,"F","R") -> F | C20: =IF('Coefficients (7.1.2)'!I21<'Coefficients (7.1.2)'!H21,"F","R") -> F | D20: =IF('Coefficients (7.1.2)'!I34<'Coefficients (7.1.2)'!H34,"F","R") -> F | E20: =IF('Coefficients (7.1.2)'!I47<'Coefficients (7.1.2)'!H47,"F","R") -> F | F20: =IF('Coefficients (7.1.2)'!I60<'Coefficients (7.1.2)'!H60,"F","R") -> F
B21: =IF('Coefficients (7.1.2)'!I10<'Coefficients (7.1.2)'!H10,"F","R") -> F | C21: =IF('Coefficients (7.1.2)'!I23<'Coefficients (7.1.2)'!H23,"F","R") -> F | D21: =IF('Coefficients (7.1.2)'!I36<'Coefficients (7.1.2)'!H36,"F","R") -> F | E21: =IF('Coefficients (7.1.2)'!I49<'Coefficients (7.1.2)'!H49,"F","R") -> F | F21: =IF('Coefficients (7.1.2)'!I62<'Coefficients (7.1.2)'!H62,"F","R") -> F
B22: =IF('Coefficients (7.1.2)'!I12<'Coefficients (7.1.2)'!H12,"F","R") -> F | C22: =IF('Coefficients (7.1.2)'!I25<'Coefficients (7.1.2)'!H25,"F","R") -> F | D22: =IF('Coefficients (7.1.2)'!I38<'Coefficients (7.1.2)'!H38,"F","R") -> F | E22: =IF('Coefficients (7.1.2)'!I51<'Coefficients (7.1.2)'!H51,"F","R") -> F | F22: =IF('Coefficients (7.1.2)'!I64<'Coefficients (7.1.2)'!H64,"F","R") -> F
A23: RULE | B23: =IF('Coefficients (7.1.2)'!K4<'Coefficients (7.1.2)'!J4,"F","R") -> F | C23: =IF('Coefficients (7.1.2)'!K17<'Coefficients (7.1.2)'!J17,"F","R") -> F | D23: =IF('Coefficients (7.1.2)'!K30<'Coefficients (7.1.2)'!J30,"F","R") -> F | E23: =IF('Coefficients (7.1.2)'!K43<'Coefficients (7.1.2)'!J43,"F","R") -> F | F23: =IF('Coefficients (7.1.2)'!K56<'Coefficients (7.1.2)'!J56,"F","R") -> F
B24: =IF('Coefficients (7.1.2)'!K6<'Coefficients (7.1.2)'!J6,"F","R") -> R | C24: =IF('Coefficients (7.1.2)'!K19<'Coefficients (7.1.2)'!J19,"F","R") -> R | D24: =IF('Coefficients (7.1.2)'!K32<'Coefficients (7.1.2)'!J32,"F","R") -> R | E24: =IF('Coefficients (7.1.2)'!K45<'Coefficients (7.1.2)'!J45,"F","R") -> R | F24: =IF('Coefficients (7.1.2)'!K58<'Coefficients (7.1.2)'!J58,"F","R") -> F
B25: =IF('Coefficients (7.1.2)'!K8<'Coefficients (7.1.2)'!J8,"F","R") -> F | C25: =IF('Coefficients (7.1.2)'!K21<'Coefficients (7.1.2)'!J21,"F","R") -> R | D25: =IF('Coefficients (7.1.2)'!K34<'Coefficients (7.1.2)'!J34,"F","R") -> F | E25: =IF('Coefficients (7.1.2)'!K47<'Coefficients (7.1.2)'!J47,"F","R") -> F | F25: =IF('Coefficients (7.1.2)'!K60<'Coefficients (7.1.2)'!J60,"F","R") -> R
B26: =IF('Coefficients (7.1.2)'!K10<'Coefficients (7.1.2)'!J10,"F","R") -> F | C26: =IF('Coefficients (7.1.2)'!K23<'Coefficients (7.1.2)'!J23,"F","R") -> F | D26: =IF('Coefficients (7.1.2)'!K36<'Coefficients (7.1.2)'!J36,"F","R") -> F | E26: =IF('Coefficients (7.1.2)'!K49<'Coefficients (7.1.2)'!J49,"F","R") -> F | F26: =IF('Coefficients (7.1.2)'!K62<'Coefficients (7.1.2)'!J62,"F","R") -> F
B27: =IF('Coefficients (7.1.2)'!K12<'Coefficients (7.1.2)'!J12,"F","R") -> F | C27: =IF('Coefficients (7.1.2)'!K25<'Coefficients (7.1.2)'!J25,"F","R") -> F | D27: =IF('Coefficients (7.1.2)'!K38<'Coefficients (7.1.2)'!J38,"F","R") -> R | E27: =IF('Coefficients (7.1.2)'!K51<'Coefficients (7.1.2)'!J51,"F","R") -> F | F27: =IF('Coefficients (7.1.2)'!K64<'Coefficients (7.1.2)'!J64,"F","R") -> F
A28: VOICE | B28: =IF('Coefficients (7.1.2)'!M4<'Coefficients (7.1.2)'!L4,"F","R") -> F | C28: =IF('Coefficients (7.1.2)'!M17<'Coefficients (7.1.2)'!L17,"F","R") -> F | D28: =IF('Coefficients (7.1.2)'!M30<'Coefficients (7.1.2)'!L30,"F","R") -> F | E28: =IF('Coefficients (7.1.2)'!M43<'Coefficients (7.1.2)'!L43,"F","R") -> F | F28: =IF('Coefficients (7.1.2)'!M56<'Coefficients (7.1.2)'!L56,"F","R") -> F
B29: =IF('Coefficients (7.1.2)'!M6<'Coefficients (7.1.2)'!L6,"F","R") -> R | C29: =IF('Coefficients (7.1.2)'!M19<'Coefficients (7.1.2)'!L19,"F","R") -> R | D29: =IF('Coefficients (7.1.2)'!M32<'Coefficients (7.1.2)'!L32,"F","R") -> R | E29: =IF('Coefficients (7.1.2)'!M45<'Coefficients (7.1.2)'!L45,"F","R") -> R | F29: =IF('Coefficients (7.1.2)'!M58<'Coefficients (7.1.2)'!L58,"F","R") -> R
B30: =IF('Coefficients (7.1.2)'!M8<'Coefficients (7.1.2)'!L8,"F","R") -> F | C30: =IF('Coefficients (7.1.2)'!M21<'Coefficients (7.1.2)'!L21,"F","R") -> R | D30: =IF('Coefficients (7.1.2)'!M34<'Coefficients (7.1.2)'!L34,"F","R") -> R | E30: =IF('Coefficients (7.1.2)'!M47<'Coefficients (7.1.2)'!L47,"F","R") -> R | F30: =IF('Coefficients (7.1.2)'!M60<'Coefficients (7.1.2)'!L60,"F","R") -> F
B31: =IF('Coefficients (7.1.2)'!M10<'Coefficients (7.1.2)'!L10,"F","R") -> R | C31: =IF('Coefficients (7.1.2)'!M23<'Coefficients (7.1.2)'!L23,"F","R") -> F | D31: =IF('Coefficients (7.1.2)'!M36<'Coefficients (7.1.2)'!L36,"F","R") -> R | E31: =IF('Coefficients (7.1.2)'!M49<'Coefficients (7.1.2)'!L49,"F","R") -> R | F31: =IF('Coefficients (7.1.2)'!M62<'Coefficients (7.1.2)'!L62,"F","R") -> R
B32: =IF('Coefficients (7.1.2)'!M12<'Coefficients (7.1.2)'!L12,"F","R") -> F | C32: =IF('Coefficients (7.1.2)'!M25<'Coefficients (7.1.2)'!L25,"F","R") -> R | D32: =IF('Coefficients (7.1.2)'!M38<'Coefficients (7.1.2)'!L38,"F","R") -> F | E32: =IF('Coefficients (7.1.2)'!M51<'Coefficients (7.1.2)'!L51,"F","R") -> R | F32: =IF('Coefficients (7.1.2)'!M64<'Coefficients (7.1.2)'!L64,"F","R") -> R
B35: Fall in Impact | C35: Rise in Impact
A36: Renewable Electricity Generation | B36: =(COUNTIF(B3:F3,"F")+COUNTIF(B8:F8,"F")+COUNTIF(B13:F13,"F")+COUNTIF(B18:F18,"F")+COUNTIF(B23:F23,"F")+COUNTIF(B28:F28,"F"))/30 -> 0.9 | C36: =(COUNTIF(B3:F3,"R")+COUNTIF(B8:F8,"R")+COUNTIF(B13:F13,"R")+COUNTIF(B18:F18,"R")+COUNTIF(B23:F23,"R")+COUNTIF(B28:F28,"R"))/30 -> 0.1
A37: Financial Access | B37: =(COUNTIF(B4:F4,"F")+COUNTIF(B9:F9,"F")+COUNTIF(B14:F14,"F")+COUNTIF(B19:F19,"F")+COUNTIF(B24:F24,"F")+COUNTIF(B29:F29,"F"))/30 -> 0.13333333 | C37: =(COUNTIF(B4:F4,"R")+COUNTIF(B9:F9,"R")+COUNTIF(B14:F14,"R")+COUNTIF(B19:F19,"R")+COUNTIF(B24:F24,"R")+COUNTIF(B29:F29,"R"))/30 -> 0.86666667
A38: Policy Stringency | B38: =(COUNTIF(B5:F5,"F")+COUNTIF(B10:F10,"F")+COUNTIF(B15:F15,"F")+COUNTIF(B20:F20,"F")+COUNTIF(B25:F25,"F")+COUNTIF(B30:F30,"F"))/30 -> 0.66666667 | C38: =(COUNTIF(B5:F5,"R")+COUNTIF(B10:F10,"R")+COUNTIF(B15:F15,"R")+COUNTIF(B20:F20,"R")+COUNTIF(B25:F25,"R")+COUNTIF(B30:F30,"R"))/30 -> 0.33333333
A39: Per Capita Income | B39: =(COUNTIF(B6:F6,"F")+COUNTIF(B11:F11,"F")+COUNTIF(B16:F16,"F")+COUNTIF(B21:F21,"F")+COUNTIF(B26:F26,"F")+COUNTIF(B31:F31,"F"))/30 -> 0.83333333 | C39: =(COUNTIF(B6:F6,"R")+COUNTIF(B11:F11,"R")+COUNTIF(B16:F16,"R")+COUNTIF(B21:F21,"R")+COUNTIF(B26:F26,"R")+COUNTIF(B31:F31,"R"))/30 -> 0.16666667
A40: Urban Population Growth | B40: =(COUNTIF(B7:F7,"F")+COUNTIF(B12:F12,"F")+COUNTIF(B17:F17,"F")+COUNTIF(B22:F22,"F")+COUNTIF(B27:F27,"F")+COUNTIF(B32:F32,"F"))/30 -> 0.76666667 | C40: =(COUNTIF(B7:F7,"R")+COUNTIF(B12:F12,"R")+COUNTIF(B17:F17,"R")+COUNTIF(B22:F22,"R")+COUNTIF(B27:F27,"R")+COUNTIF(B32:F32,"R"))/30 -> 0.23333333

Sheet Marginal Impacts (7.1.1)
B1: 7.1.1
B2: EV | C2: FV | D2: HLV | E2: IV | F2: WV
A3: CORR | B3: =IF('Coefficients (7.1.1)'!C4<'Coefficients (7.1.1)'!B4,"F","R") -> F | C3: =IF('Coefficients (7.1.1)'!C17<'Coefficients (7.1.1)'!B17,"F","R") -> F | D3: =IF('Coefficients (7.1.1)'!C30<'Coefficients (7.1.1)'!B30,"F","R") -> F | E3: =IF('Coefficients (7.1.1)'!C43<'Coefficients (7.1.1)'!B43,"F","R") -> F | F3: =IF('Coefficients (7.1.1)'!C56<'Coefficients (7.1.1)'!B56,"F","R") -> F
B4: =IF('Coefficients (7.1.1)'!C6<'Coefficients (7.1.1)'!B6,"F","R") -> F | C4: =IF('Coefficients (7.1.1)'!C19<'Coefficients (7.1.1)'!B19,"F","R") -> R | D4: =IF('Coefficients (7.1.1)'!C32<'Coefficients (7.1.1)'!B32,"F","R") -> R | E4: =IF('Coefficients (7.1.1)'!C45<'Coefficients (7.1.1)'!B45,"F","R") -> F | F4: =IF('Coefficients (7.1.1)'!C58<'Coefficients (7.1.1)'!B58,"F","R") -> F
B5: =IF('Coefficients (7.1.1)'!C8<'Coefficients (7.1.1)'!B8,"F","R") -> R | C5: =IF('Coefficients (7.1.1)'!C21<'Coefficients (7.1.1)'!B21,"F","R") -> F | D5: =IF('Coefficients (7.1.1)'!C34<'Coefficients (7.1.1)'!B34,"F","R") -> R | E5: =IF('Coefficients (7.1.1)'!C47<'Coefficients (7.1.1)'!B47,"F","R") -> R | F5: =IF('Coefficients (7.1.1)'!C60<'Coefficients (7.1.1)'!B60,"F","R") -> R
B6: =IF('Coefficients (7.1.1)'!C10<'Coefficients (7.1.1)'!B10,"F","R") -> R | C6: =IF('Coefficients (7.1.1)'!C23<'Coefficients (7.1.1)'!B23,"F","R") -> R | D6: =IF('Coefficients (7.1.1)'!C36<'Coefficients (7.1.1)'!B36,"F","R") -> F | E6: =IF('Coefficients (7.1.1)'!C49<'Coefficients (7.1.1)'!B49,"F","R") -> R | F6: =IF('Coefficients (7.1.1)'!C62<'Coefficients (7.1.1)'!B62,"F","R") -> R
B7: =IF('Coefficients (7.1.1)'!C12<'Coefficients (7.1.1)'!B12,"F","R") -> F | C7: =IF('Coefficients (7.1.1)'!C25<'Coefficients (7.1.1)'!B25,"F","R") -> R | D7: =IF('Coefficients (7.1.1)'!C38<'Coefficients (7.1.1)'!B38,"F","R") -> F | E7: =IF('Coefficients (7.1.1)'!C51<'Coefficients (7.1.1)'!B51,"F","R") -> F | F7: =IF('Coefficients (7.1.1)'!C64<'Coefficients (7.1.1)'!B64,"F","R") -> F
A8: GOVEFF | B8: =IF('Coefficients (7.1.1)'!E4<'Coefficients (7.1.1)'!D4,"F","R") -> F | C8: =IF('Coefficients (7.1.1)'!E17<'Coefficients (7.1.1)'!D17,"F","R") -> R | D8: =IF('Coefficients (7.1.1)'!E30<'Coefficients (7.1.1)'!D30,"F","R") -> R | E8: =IF('Coefficients (7.1.1)'!E43<'Coefficients (7.1.1)'!D43,"F","R") -> F | F8: =IF('Coefficients (7.1.1)'!E56<'Coefficients (7.1.1)'!D56,"F","R") -> F
B9: =IF('Coefficients (7.1.1)'!E6<'Coefficients (7.1.1)'!D6,"F","R") -> R | C9: =IF('Coefficients (7.1.1)'!E19<'Coefficients (7.1.1)'!D19,"F","R") -> R | D9: =IF('Coefficients (7.1.1)'!E32<'Coefficients (7.1.1)'!D32,"F","R") -> R | E9: =IF('Coefficients (7.1.1)'!E45<'Coefficients (7.1.1)'!D45,"F","R") -> F | F9: =IF('Coefficients (7.1.1)'!E58<'Coefficients (7.1.1)'!D58,"F","R") -> R
B10: =IF('Coefficients (7.1.1)'!E8<'Coefficients (7.1.1)'!D8,"F","R") -> F | C10: =IF('Coefficients (7.1.1)'!E21<'Coefficients (7.1.1)'!D21,"F","R") -> F | D10: =IF('Coefficients (7.1.1)'!E34<'Coefficients (7.1.1)'!D34,"F","R") -> R | E10: =IF('Coefficients (7.1.1)'!E47<'Coefficients (7.1.1)'!D47,"F","R") -> R | F10: =IF('Coefficients (7.1.1)'!E60<'Coefficients (7.1.1)'!D60,"F","R") -> R
B11: =IF('Coefficients (7.1.1)'!E10<'Coefficients (7.1.1)'!D10,"F","R") -> R | C11: =IF('Coefficients (7.1.1)'!E23<'Coefficients (7.1.1)'!D23,"F","R") -> R | D11: =IF('Coefficients (7.1.1)'!E36<'Coefficients (7.1.1)'!D36,"F","R") -> F | E11: =IF('Coefficients (7.1.1)'!E49<'Coefficients (7.1.1)'!D49,"F","R") -> F | F11: =IF('Coefficients (7.1.1)'!E62<'Coefficients (7.1.1)'!D62,"F","R") -> R
B12: =IF('Coefficients (7.1.1)'!E12<'Coefficients (7.1.1)'!D12,"F","R") -> R | C12: =IF('Coefficients (7.1.1)'!E25<'Coefficients (7.1.1)'!D25,"F","R") -> R | D12: =IF('Coefficients (7.1.1)'!E38<'Coefficients (7.1.1)'!D38,"F","R") -> F | E12: =IF('Coefficients (7.1.1)'!E51<'Coefficients (7.1.1)'!D51,"F","R") -> F | F12: =IF('Coefficients (7.1.1)'!E64<'Coefficients (7.1.1)'!D64,"F","R") -> F
A13: POLST | B13: =IF('Coefficients (7.1.1)'!G4<'Coefficients (7.1.1)'!F4,"F","R") -> R | C13: =IF('Coefficients (7.1.1)'!G17<'Coefficients (7.1.1)'!F17,"F","R") -> F | D13: =IF('Coefficients (7.1.1)'!G30<'Coefficients (7.1.1)'!F30,"F","R") -> F | E13: =IF('Coefficients (7.1.1)'!G43<'Coefficients (7.1.1)'!F43,"F","R") -> F | F13: =IF('Coefficients (7.1.1)'!G56<'Coefficients (7.1.1)'!F56,"F","R") -> F
B14: =IF('Coefficients (7.1.1)'!G6<'Coefficients (7.1.1)'!F6,"F","R") -> R | C14: =IF('Coefficients (7.1.1)'!G19<'Coefficients (7.1.1)'!F19,"F","R") -> R | D14: =IF('Coefficients (7.1.1)'!G32<'Coefficients (7.1.1)'!F32,"F","R") -> R | E14: =IF('Coefficients (7.1.1)'!G45<'Coefficients (7.1.1)'!F45,"F","R") -> R | F14: =IF('Coefficients (7.1.1)'!G58<'Coefficients (7.1.1)'!F58,"F","R") -> R
B15: =IF('Coefficients (7.1.1)'!G8<'Coefficients (7.1.1)'!F8,"F","R") -> R | C15: =IF('Coefficients (7.1.1)'!G21<'Coefficients (7.1.1)'!F21,"F","R") -> F | D15: =IF('Coefficients (7.1.1)'!G34<'Coefficients (7.1.1)'!F34,"F","R") -> F | E15: =IF('Coefficients (7.1.1)'!G47<'Coefficients (7.1.1)'!F47,"F","R") -> F | F15: =IF('Coefficients (7.1.1)'!G60<'Coefficients (7.1.1)'!F60,"F","R") -> F
B16: =IF('Coefficients (7.1.1)'!G10<'Coefficients (7.1.1)'!F10,"F","R") -> R | C16: =IF('Coefficients (7.1.1)'!G23<'Coefficients (7.1.1)'!F23,"F","R") -> R | D16: =IF('Coefficients (7.1.1)'!G36<'Coefficients (7.1.1)'!F36,"F","R") -> R | E16: =IF('Coefficients (7.1.1)'!G49<'Coefficients (7.1.1)'!F49,"F","R") -> R | F16: =IF('Coefficients (7.1.1)'!G62<'Coefficients (7.1.1)'!F62,"F","R") -> R
B17: =IF('Coefficients (7.1.1)'!G12<'Coefficients (7.1.1)'!F12,"F","R") -> R | C17: =IF('Coefficients (7.1.1)'!G25<'Coefficients (7.1.1)'!F25,"F","R") -> F | D17: =IF('Coefficients (7.1.1)'!G38<'Coefficients (7.1.1)'!F38,"F","R") -> R | E17: =IF('Coefficients (7.1.1)'!G51<'Coefficients (7.1.1)'!F51,"F","R") -> F | F17: =IF('Coefficients (7.1.1)'!G64<'Coefficients (7.1.1)'!F64,"F","R") -> R
A18: REG | B18: =IF('Coefficients (7.1.1)'!I4<'Coefficients (7.1.1)'!H4,"F","R") -> R | C18: =IF('Coefficients (7.1.1)'!I17<'Coefficients (7.1.1)'!H17,"F","R") -> F | D18: =IF('Coefficients (7.1.1)'!I30<'Coefficients (7.1.1)'!H30,"F","R") -> F | E18: =IF('Coefficients (7.1.1)'!I43<'Coefficients (7.1.1)'!H43,"F","R") -> F | F18: =IF('Coefficients (7.1.1)'!I56<'Coefficients (7.1.1)'!H56,"F","R") -> F
B19: =IF('Coefficients (7.1.1)'!I6<'Coefficients (7.1.1)'!H6,"F","R") -> F | C19: =IF('Coefficients (7.1.1)'!I19<'Coefficients (7.1.1)'!H19,"F","R") -> R | D19: =IF('Coefficients (7.1.1)'!I32<'Coefficients (7.1.1)'!H32,"F","R") -> R | E19: =IF('Coefficients (7.1.1)'!I45<'Coefficients (7.1.1)'!H45,"F","R") -> F | F19: =IF('Coefficients (7.1.1)'!I58<'Coefficients (7.1.1)'!H58,"F","R") -> F
B20: =IF('Coefficients (7.1.1)'!I8<'Coefficients (7.1.1)'!H8,"F","R") -> R | C20: =IF('Coefficients (7.1.1)'!I21<'Coefficients (7.1.1)'!H21,"F","R") -> F | D20: =IF('Coefficients (7.1.1)'!I34<'Coefficients (7.1.1)'!H34,"F","R") -> F | E20: =IF('Coefficients (7.1.1)'!I47<'Coefficients (7.1.1)'!H47,"F","R") -> R | F20: =IF('Coefficients (7.1.1)'!I60<'Coefficients (7.1.1)'!H60,"F","R") -> F
B21: =IF('Coefficients (7.1.1)'!I10<'Coefficients (7.1.1)'!H10,"F","R") -> R | C21: =IF('Coefficients (7.1.1)'!I23<'Coefficients (7.1.1)'!H23,"F","R") -> R | D21: =IF('Coefficients (7.1.1)'!I36<'Coefficients (7.1.1)'!H36,"F","R") -> R | E21: =IF('Coefficients (7.1.1)'!I49<'Coefficients (7.1.1)'!H49,"F","R") -> R | F21: =IF('Coefficients (7.1.1)'!I62<'Coefficients (7.1.1)'!H62,"F","R") -> R
B22: =IF('Coefficients (7.1.1)'!I12<'Coefficients (7.1.1)'!H12,"F","R") -> R | C22: =IF('Coefficients (7.1.1)'!I25<'Coefficients (7.1.1)'!H25,"F","R") -> R | D22: =IF('Coefficients (7.1.1)'!I38<'Coefficients (7.1.1)'!H38,"F","R") -> R | E22: =IF('Coefficients (7.1.1)'!I51<'Coefficients (7.1.1)'!H51,"F","R") -> F | F22: =IF('Coefficients (7.1.1)'!I64<'Coefficients (7.1.1)'!H64,"F","R") -> R
A23: RULE | B23: =IF('Coefficients (7.1.1)'!K4<'Coefficients (7.1.1)'!J4,"F","R") -> F | C23: =IF('Coefficients (7.1.1)'!K17<'Coefficients (7.1.1)'!J17,"F","R") -> F | D23: =IF('Coefficients (7.1.1)'!K30<'Coefficients (7.1.1)'!J30,"F","R") -> R | E23: =IF('Coefficients (7.1.1)'!K43<'Coefficients (7.1.1)'!J43,"F","R") -> F | F23: =IF('Coefficients (7.1.1)'!K56<'Coefficients (7.1.1)'!J56,"F","R") -> F
B24: =IF('Coefficients (7.1.1)'!K6<'Coefficients (7.1.1)'!J6,"F","R") -> R | C24: =IF('Coefficients (7.1.1)'!K19<'Coefficients (7.1.1)'!J19,"F","R") -> R | D24: =IF('Coefficients (7.1.1)'!K32<'Coefficients (7.1.1)'!J32,"F","R") -> R | E24: =IF('Coefficients (7.1.1)'!K45<'Coefficients (7.1.1)'!J45,"F","R") -> F | F24: =IF('Coefficients (7.1.1)'!K58<'Coefficients (7.1.1)'!J58,"F","R") -> R
B25: =IF('Coefficients (7.1.1)'!K8<'Coefficients (7.1.1)'!J8,"F","R") -> F | C25: =IF('Coefficients (7.1.1)'!K21<'Coefficients (7.1.1)'!J21,"F","R") -> F | D25: =IF('Coefficients (7.1.1)'!K34<'Coefficients (7.1.1)'!J34,"F","R") -> R | E25: =IF('Coefficients (7.1.1)'!K47<'Coefficients (7.1.1)'!J47,"F","R") -> F | F25: =IF('Coefficients (7.1.1)'!K60<'Coefficients (7.1.1)'!J60,"F","R") -> F
B26: =IF('Coefficients (7.1.1)'!K10<'Coefficients (7.1.1)'!J10,"F","R") -> R | C26: =IF('Coefficients (7.1.1)'!K23<'Coefficients (7.1.1)'!J23,"F","R") -> R | D26: =IF('Coefficients (7.1.1)'!K36<'Coefficients (7.1.1)'!J36,"F","R") -> R | E26: =IF('Coefficients (7.1.1)'!K49<'Coefficients (7.1.1)'!J49,"F","R") -> R | F26: =IF('Coefficients (7.1.1)'!K62<'Coefficients (7.1.1)'!J62,"F","R") -> R
B27: =IF('Coefficients (7.1.1)'!K12<'Coefficients (7.1.1)'!J12,"F","R") -> F | C27: =IF('Coefficients (7.1.1)'!K25<'Coefficients (7.1.1)'!J25,"F","R") -> R | D27: =IF('Coefficients (7.1.1)'!K38<'Coefficients (7.1.1)'!J38,"F","R") -> R | E27: =IF('Coefficients (7.1.1)'!K51<'Coefficients (7.1.1)'!J51,"F","R") -> R | F27: =IF('Coefficients (7.1.1)'!K64<'Coefficients (7.1.1)'!J64,"F","R") -> R
A28: VOICE | B28: =IF('Coefficients (7.1.1)'!M4<'Coefficients (7.1.1)'!L4,"F","R") -> R | C28: =IF('Coefficients (7.1.1)'!M17<'Coefficients (7.1.1)'!L17,"F","R") -> F | D28: =IF('Coefficients (7.1.1)'!M30<'Coefficients (7.1.1)'!L30,"F","R") -> R | E28: =IF('Coefficients (7.1.1)'!M43<'Coefficients (7.1.1)'!L43,"F","R") -> F | F28: =IF('Coefficients (7.1.1)'!M56<'Coefficients (7.1.1)'!L56,"F","R") -> F
B29: =IF('Coefficients (7.1.1)'!M6<'Coefficients (7.1.1)'!L6,"F","R") -> R | C29: =IF('Coefficients (7.1.1)'!M19<'Coefficients (7.1.1)'!L19,"F","R") -> R | D29: =IF('Coefficients (7.1.1)'!M32<'Coefficients (7.1.1)'!L32,"F","R") -> R | E29: =IF('Coefficients (7.1.1)'!M45<'Coefficients (7.1.1)'!L45,"F","R") -> R | F29: =IF('Coefficients (7.1.1)'!M58<'Coefficients (7.1.1)'!L58,"F","R") -> R
B30: =IF('Coefficients (7.1.1)'!M8<'Coefficients (7.1.1)'!L8,"F","R") -> F | C30: =IF('Coefficients (7.1.1)'!M21<'Coefficients (7.1.1)'!L21,"F","R") -> F | D30: =IF('Coefficients (7.1.1)'!M34<'Coefficients (7.1.1)'!L34,"F","R") -> R | E30: =IF('Coefficients (7.1.1)'!M47<'Coefficients (7.1.1)'!L47,"F","R") -> F | F30: =IF('Coefficients (7.1.1)'!M60<'Coefficients (7.1.1)'!L60,"F","R") -> F
B31: =IF('Coefficients (7.1.1)'!M10<'Coefficients (7.1.1)'!L10,"F","R") -> R | C31: =IF('Coefficients (7.1.1)'!M23<'Coefficients (7.1.1)'!L23,"F","R") -> R | D31: =IF('Coefficients (7.1.1)'!M36<'Coefficients (7.1.1)'!L36,"F","R") -> R | E31: =IF('Coefficients (7.1.1)'!M49<'Coefficients (7.1.1)'!L49,"F","R") -> R | F31: =IF('Coefficients (7.1.1)'!M62<'Coefficients (7.1.1)'!L62,"F","R") -> R
B32: =IF('Coefficients (7.1.1)'!M12<'Coefficients (7.1.1)'!L12,"F","R") -> R | C32: =IF('Coefficients (7.1.1)'!M25<'Coefficients (7.1.1)'!L25,"F","R") -> R | D32: =IF('Coefficients (7.1.1)'!M38<'Coefficients (7.1.1)'!L38,"F","R") -> R | E32: =IF('Coefficients (7.1.1)'!M51<'Coefficients (7.1.1)'!L51,"F","R") -> R | F32: =IF('Coefficients (7.1.1)'!M64<'Coefficients (7.1.1)'!L64,"F","R") -> R
B35: Fall in Impact | C35: Rise in Impact
A36: Electricity Generation | B36: =(COUNTIF(B3:F3,"F")+COUNTIF(B8:F8,"F")+COUNTIF(B13:F13,"F")+COUNTIF(B18:F18,"F")+COUNTIF(B23:F23,"F")+COUNTIF(B28:F28,"F"))/30 -> 0.76666667 | C36: =(COUNTIF(B3:F3,"R")+COUNTIF(B8:F8,"R")+COUNTIF(B13:F13,"R")+COUNTIF(B18:F18,"R")+COUNTIF(B23:F23,"R")+COUNTIF(B28:F28,"R"))/30 -> 0.23333333
A37: Financial Access | B37: =(COUNTIF(B4:F4,"F")+COUNTIF(B9:F9,"F")+COUNTIF(B14:F14,"F")+COUNTIF(B19:F19,"F")+COUNTIF(B24:F24,"F")+COUNTIF(B29:F29,"F"))/30 -> 0.26666667 | C37: =(COUNTIF(B4:F4,"R")+COUNTIF(B9:F9,"R")+COUNTIF(B14:F14,"R")+COUNTIF(B19:F19,"R")+COUNTIF(B24:F24,"R")+COUNTIF(B29:F29,"R"))/30 -> 0.73333333
A38: Rural Population Growth | B38: =(COUNTIF(B5:F5,"F")+COUNTIF(B10:F10,"F")+COUNTIF(B15:F15,"F")+COUNTIF(B20:F20,"F")+COUNTIF(B25:F25,"F")+COUNTIF(B30:F30,"F"))/30 -> 0.6 | C38: =(COUNTIF(B5:F5,"R")+COUNTIF(B10:F10,"R")+COUNTIF(B15:F15,"R")+COUNTIF(B20:F20,"R")+COUNTIF(B25:F25,"R")+COUNTIF(B30:F30,"R"))/30 -> 0.4
A39: Income Inequality | B39: =(COUNTIF(B6:F6,"F")+COUNTIF(B11:F11,"F")+COUNTIF(B16:F16,"F")+COUNTIF(B21:F21,"F")+COUNTIF(B26:F26,"F")+COUNTIF(B31:F31,"F"))/30 -> 0.1 | C39: =(COUNTIF(B6:F6,"R")+COUNTIF(B11:F11,"R")+COUNTIF(B16:F16,"R")+COUNTIF(B21:F21,"R")+COUNTIF(B26:F26,"R")+COUNTIF(B31:F31,"R"))/30 -> 0.9
A40: Health Expenditure | B40: =(COUNTIF(B7:F7,"F")+COUNTIF(B12:F12,"F")+COUNTIF(B17:F17,"F")+COUNTIF(B22:F22,"F")+COUNTIF(B27:F27,"F")+COUNTIF(B32:F32,"F"))/30 -> 0.36666667 | C40: =(COUNTIF(B7:F7,"R")+COUNTIF(B12:F12,"R")+COUNTIF(B17:F17,"R")+COUNTIF(B22:F22,"R")+COUNTIF(B27:F27,"R")+COUNTIF(B32:F32,"R"))/30 -> 0.63333333

Sheet Coefficients (7.3.1)
B1: 7.3.1
B2: Ecosystem Vulnerability
B3: CORR | D3: GOVEFF | F3: POLST | H3: REG | J3: RULE | L3: VOICE
A4: Policy Stringency | B4: -0.0198 | C4: 0.0288 | D4: -0.0379 | E4: -0.0113 | F4: -0.0408 | G4: 0.0354 | H4: -0.0419 | I4: -0.0101 | J4: -0.0202 | K4: 0.003 | L4: -0.014 | M4: -0.0293
B5: -0.0177 | C5: -0.0263 | D5: -0.0175 | E5: -0.0237 | F5: -0.0176 | G5: -0.0261 | H5: -0.018 | I5: -0.0226 | J5: -0.0172 | K5: -0.0247 | L5: -0.0164 | M5: -0.0258
A6: Environmental Innovation | B6: -0.0556 | C6: 0.046 | D6: -0.0527 | E6: -0.0615 | F6: -0.0779 | G6: -0.0476 | H6: -0.0772 | I6: 0.0117 | J6: -0.0658 | K6: 0.0404 | L6: 0.0072 | M6: 0.0128
B7: -0.0273 | C7: -0.04 | D7: -0.0259 | E7: -0.0426 | F7: -0.0253 | G7: -0.0373 | H7: -0.0275 | I7: -0.04 | J7: -0.0248 | K7: -0.0424 | L7: -0.0229 | M7: -0.044
A8: Foreign Direct Investment | B8: -0.0232 | C8: -0.0087 | D8: -0.0489 | E8: -0.0682 | F8: -0.0471 | G8: -0.059 | H8: -0.0606 | I8: -0.0442 | J8: -0.0234 | K8: -0.0977 | L8: -0.0378 | M8: -0.0117
B9: -0.0364 | C9: -0.0609 | D9: -0.0394 | E9: -0.0513 | F9: -0.0381 | G9: -0.0536 | H9: -0.0408 | I9: -0.0487 | J9: -0.0391 | K9: -0.0545 | L9: -0.0353 | M9: -0.0509
A10: Industrial Share | B10: 0.4885 | C10: 1.2784 | D10: 0.7693 | E10: 0.8435 | F10: 0.6478 | G10: 1.1348 | H10: 0.8882 | I10: 0.9112 | J10: 0.515 | K10: 0.7839 | L10: 0.6023 | M10: 0.8026
B11: -0.1027 | C11: -0.1043 | D11: -0.0968 | E11: -0.1096 | F11: -0.0981 | G11: -0.1142 | H11: -0.0955 | I11: -0.1048 | J11: -0.0971 | K11: -0.0978 | L11: -0.0848 | M11: -0.1151
A12: Energy Demand | B12: -0.0625 | C12: -0.2552 | D12: -0.0322 | E12: 0.0258 | F12: 0.0142 | G12: -0.0462 | H12: -0.0027 | I12: -0.093 | J12: -0.0828 | K12: -0.0434 | L12: -0.2718 | M12: -0.1964
B13: -0.0472 | C13: -0.0666 | D13: -0.0408 | E13: -0.0611 | F13: -0.0417 | G13: -0.0575 | H13: -0.0459 | I13: -0.063 | J13: -0.0392 | K13: -0.0638 | L13: -0.0512 | M13: -0.0867
B15: Food Vulnerability
B16: CORR | D16: GOVEFF | F16: POLST | H16: REG | J16: RULE | L16: VOICE
A17: Policy Stringency | B17: -0.0301 | C17: -0.0061 | D17: -0.0455 | E17: -0.0433 | F17: -0.039 | G17: -0.0211 | H17: -0.0519 | I17: -0.0321 | J17: -0.0397 | K17: -0.0329 | L17: -0.0163 | M17: -0.0154
B18: -0.0166 | C18: -0.0163 | D18: -0.0165 | E18: -0.0204 | F18: -0.0169 | G18: -0.0226 | H18: -0.0163 | I18: -0.0189 | J18: -0.0157 | K18: -0.0197 | L18: -0.0151 | M18: -0.0189
A19: Environmental Innovation | B19: -0.047 | C19: 0.0226 | D19: -0.0423 | E19: -0.0538 | F19: -0.0753 | G19: -0.079 | H19: -0.0535 | I19: -0.0586 | J19: -0.0289 | K19: -0.0449 | L19: -0.0027 | M19: 0.0177
B20: -0.0251 | C20: -0.0332 | D20: -0.0238 | E20: -0.0365 | F20: -0.0242 | G20: -0.0287 | H20: -0.0235 | I20: -0.0356 | J20: -0.0227 | K20: -0.0287 | L20: -0.0214 | M20: -0.0357
A21: Financial Development | B21: -0.0133 | C21: -0.0184 | D21: -0.0238 | E21: -0.1033 | F21: -0.0414 | G21: -0.0823 | H21: -0.0263 | I21: -0.062 | J21: -0.02 | K21: -0.0639 | L21: -0.0199 | M21: -0.0002
B22: -0.0375 | C22: -0.0499 | D22: -0.0387 | E22: -0.0412 | F22: -0.0385 | G22: -0.0525 | H22: -0.0379 | I22: -0.0427 | J22: -0.0389 | K22: -0.0528 | L22: -0.0355 | M22: -0.0551
A23: Net Energy Import | B23: 0.7038 | C23: 1.2775 | D23: 0.6968 | E23: 0.779 | F23: 0.7174 | G23: 1.1427 | H23: 0.7238 | I23: 0.9755 | J23: 0.6868 | K23: 0.6792 | L23: 0.6655 | M23: 0.757
B24: -0.0872 | C24: -0.0786 | D24: -0.0833 | E24: -0.1081 | F24: -0.0885 | G24: -0.1006 | H24: -0.0825 | I24: -0.0915 | J24: -0.0819 | K24: -0.0908 | L24: -0.0778 | M24: -0.0965
A25: Low Carbon Trade | B25: -0.057 | C25: -0.2788 | D25: -0.0573 | E25: -0.0537 | F25: -0.012 | G25: -0.0765 | H25: -0.0334 | I25: -0.0866 | J25: -0.0867 | K25: -0.0701 | L25: -0.236 | M25: -0.274
B26: -0.0435 | C26: -0.0621 | D26: -0.0363 | E26: -0.0607 | F26: -0.0413 | G26: -0.0479 | H26: -0.0381 | I26: -0.0588 | J26: -0.0354 | K26: -0.0522 | L26: -0.0468 | M26: -0.074
B28: Health Vulnerability
B29: CORR | D29: GOVEFF | F29: POLST | H29: REG | J29: RULE | L29: VOICE
A30: Policy Stringency | B30: -0.0393 | C30: 0.0114 | D30: -0.0502 | E30: -0.0541 | F30: -0.0429 | G30: -0.0125 | H30: -0.0586 | I30: -0.0505 | J30: -0.0481 | K30: -0.0365 | L30: -0.022 | M30: -0.0279
B31: -0.0176 | C31: -0.0214 | D31: -0.0177 | E31: -0.0203 | F31: -0.0178 | G31: -0.0221 | H31: -0.0175 | I31: -0.0213 | J31: -0.0169 | K31: -0.0251 | L31: -0.0158 | M31: -0.0208
A32: Environmental Innovation | B32: -0.0631 | C32: -0.0182 | D32: -0.057 | E32: -0.0996 | F32: -0.0909 | G32: -0.1064 | H32: -0.0688 | I32: -0.0698 | J32: -0.0413 | K32: -0.0444 | L32: 0.0004 | M32: -0.0289
B33: -0.0261 | C33: -0.0352 | D33: -0.0251 | E33: -0.0338 | F33: -0.0255 | G33: -0.0254 | H33: -0.0252 | I33: -0.0359 | J33: -0.0244 | K33: -0.0358 | L33: -0.0225 | M33: -0.0376
A34: Financial Development | B34: -0.0132 | C34: -0.0524 | D34: -0.0236 | E34: -0.0926 | F34: -0.0333 | G34: -0.0717 | H34: -0.0207 | I34: -0.069 | J34: -0.0227 | K34: -0.1939 | L34: -0.0142 | M34: -0.0201
B35: -0.0396 | C35: -0.0564 | D35: -0.0417 | E35: -0.0456 | F35: -0.0404 | G35: -0.0495 | H35: -0.0395 | I35: -0.0467 | J35: -0.0414 | K35: -0.0589 | L35: -0.0366 | M35: -0.0485
A36: Net Energy Import | B36: 0.7932 | C36: 1.3091 | D36: 0.7645 | E36: 0.8585 | F36: 0.7638 | G36: 1.2722 | H36: 0.7486 | I36: 0.998 | J36: 0.7721 | K36: 0.921 | L36: 0.6422 | M36: 0.6714
B37: -0.0905 | C37: -0.0972 | D37: -0.0884 | E37: -0.098 | F37: -0.0942 | G37: -0.0906 | H37: -0.0878 | I37: -0.1002 | J37: -0.087 | K37: -0.0967 | L37: -0.0804 | M37: -0.1022
A38: Low Carbon Trade | B38: -0.033 | C38: -0.2055 | D38: -0.0345 | E38: 0.0435 | F38: 0.0127 | G38: -0.0146 | H38: -0.0047 | I38: -0.0307 | J38: -0.0685 | K38: -0.0601 | L38: -0.2442 | M38: -0.1224
B39: -0.0447 | C39: -0.0638 | D39: -0.0381 | E39: -0.0535 | F39: -0.0434 | G39: -0.0399 | H39: -0.0404 | I39: -0.056 | J39: -0.0379 | K39: -0.057 | L39: -0.0473 | M39: -0.0797
B41: Infrastructure Vulnerability
B42: CORR | D42: GOVEFF | F42: POLST | H42: REG | J42: RULE | L42: VOICE
A43: Policy Stringency | B43: -0.0469 | C43: -0.0008 | D43: -0.0529 | E43: -0.0198 | F43: -0.049 | G43: -0.006 | H43: -0.0604 | I43: -0.0046 | J43: -0.0517 | K43: -0.0515 | L43: -0.0274 | M43: -0.044
B44: -0.018 | C44: -0.0236 | D44: -0.0178 | E44: -0.0211 | F44: -0.0178 | G44: -0.0201 | H44: -0.0176 | I44: -0.0219 | J44: -0.0177 | K44: -0.0259 | L44: -0.0156 | M44: -0.0274
A45: Environmental Innovation | B45: -0.0434 | C45: -0.0133 | D45: -0.0287 | E45: -0.0677 | F45: -0.0636 | G45: -0.0606 | H45: -0.0522 | I45: -0.0074 | J45: -0.0279 | K45: 0.0224 | L45: 0.0171 | M45: -0.006
B46: -0.0265 | C46: -0.036 | D46: -0.0257 | E46: -0.0322 | F46: -0.0247 | G46: -0.0355 | H46: -0.0258 | I46: -0.0408 | J46: -0.0244 | K46: -0.0323 | L46: -0.0218 | M46: -0.0383
A47: Financial Development | B47: -0.0156 | C47: -0.0502 | D47: -0.0249 | E47: -0.1486 | F47: -0.0153 | G47: -0.0223 | H47: -0.0303 | I47: -0.0788 | J47: -0.0267 | K47: -0.1386 | L47: -0.0132 | M47: -0.0018
B48: -0.0367 | C48: -0.0604 | D48: -0.039 | E48: -0.0552 | F48: -0.0382 | G48: -0.0475 | H48: -0.0382 | I48: -0.0501 | J48: -0.0396 | K48: -0.0538 | L48: -0.0353 | M48: -0.0556
A49: Net Energy Import | B49: 0.6971 | C49: 1.1651 | D49: 0.764 | E49: 0.8975 | F49: 0.7574 | G49: 1.2399 | H49: 0.7989 | I49: 1.1062 | J49: 0.7782 | K49: 0.8679 | L49: 0.6321 | M49: 1.0728
B50: -0.0878 | C50: -0.0986 | D50: -0.0863 | E50: -0.0989 | F50: -0.0865 | G50: -0.1017 | H50: -0.0856 | I50: -0.0981 | J50: -0.0876 | K50: -0.1033 | L50: -0.0775 | M50: -0.1178
A51: Low Carbon Trade | B51: -0.0046 | C51: -0.1167 | D51: -0.0252 | E51: 0.0288 | F51: 0.025 | G51: -0.0556 | H51: 0.0144 | I51: -0.098 | J51: -0.0374 | K51: -0.1049 | L51: -0.2364 | M51: -0.1492
B52: -0.0433 | C52: -0.0538 | D52: -0.0377 | E52: -0.0509 | F52: -0.0388 | G52: -0.042 | H52: -0.0408 | I52: -0.0554 | J52: -0.0386 | K52: -0.0471 | L52: -0.0479 | M52: -0.0651
B54: Water Vulnerability
B55: CORR | D55: GOVEFF | F55: POLST | H55: REG | J55: RULE | L55: VOICE
A56: Policy Stringency | B56: -0.0287 | C56: -0.0021 | D56: -0.0409 | E56: -0.0117 | F56: -0.0346 | G56: -0.0014 | H56: -0.0504 | I56: -0.028 | J56: -0.0396 | K56: -0.0119 | L56: -0.0189 | M56: -0.036
B57: -0.0166 | C57: -0.0235 | D57: -0.0162 | E57: -0.0204 | F57: -0.0171 | G57: -0.0207 | H57: -0.0165 | I57: -0.0188 | J57: -0.0156 | K57: -0.0283 | L57: -0.015 | M57: -0.0276
A58: Environmental Innovation | B58: -0.0488 | C58: 0.0394 | D58: -0.0382 | E58: -0.0943 | F58: -0.0719 | G58: -0.0119 | H58: -0.0594 | I58: -0.0239 | J58: -0.0359 | K58: 0.0269 | L58: -0.0082 | M58: -0.0157
B59: -0.0248 | C59: -0.0337 | D59: -0.0233 | E59: -0.0355 | F59: -0.0241 | G59: -0.0366 | H59: -0.0238 | I59: -0.0355 | J59: -0.0223 | K59: -0.0334 | L59: -0.022 | M59: -0.0408
A60: Foreign Direct Investment | B60: -0.0068 | C60: 0.004 | D60: -0.0098 | E60: -0.0378 | F60: -0.0298 | G60: -0.0014 | H60: -0.017 | I60: -0.085 | J60: -0.0049 | K60: -0.0728 | L60: -0.0089 | M60: -0.0251
B61: -0.0364 | C61: -0.0545 | D61: -0.0367 | E61: -0.0558 | F61: -0.038 | G61: -0.0436 | H61: -0.0368 | I61: -0.042 | J61: -0.0363 | K61: -0.0473 | L61: -0.0348 | M61: -0.0442
A62: Industrial Share | B62: 0.7389 | C62: 1.2262 | D62: 0.7237 | E62: 0.8978 | F62: 0.7486 | G62: 1.128 | H62: 0.7534 | I62: 1.0069 | J62: 0.7083 | K62: 0.8574 | L62: 0.6795 | M62: 0.9173
B63: -0.0865 | C63: -0.0915 | D63: -0.0814 | E63: -0.1135 | F63: -0.0894 | G63: -0.0987 | H63: -0.0828 | I63: -0.0953 | J63: -0.0802 | K63: -0.0969 | L63: -0.0785 | M63: -0.1077
A64: Energy Demand | B64: -0.0208 | C64: -0.2145 | D64: -0.0179 | E64: 0.0662 | F64: 0.017 | G64: -0.0848 | H64: 0.0122 | I64: -0.0476 | J64: -0.0314 | K64: -0.1053 | L64: -0.2037 | M64: -0.1022
B65: -0.0412 | C65: -0.056 | D65: -0.0341 | E65: -0.0612 | F65: -0.0383 | G65: -0.0395 | H65: -0.0371 | I65: -0.0513 | J65: -0.0343 | K65: -0.0504 | L65: -0.0501 | M65: -0.0709

Sheet Coefficients (7.2.1)
B1: 7.2.1
B2: Ecosystem Vulnerability
B3: CORR | D3: GOVEFF | F3: POLST | H3: REG | J3: RULE | L3: VOICE
A4: Policy Stringency | B4: 0.1157 | C4: 0.1508 | D4: 0.1153 | E4: 0.1879 | F4: 0.0739 | G4: 0.2244 | H4: 0.1575 | I4: 0.3798 | J4: 0.0698 | K4: 0.269 | L4: 0.064 | M4: 0.1172
B5: -0.0979 | C5: -0.1787 | D5: -0.1066 | E5: -0.1549 | F5: -0.1142 | G5: -0.1599 | H5: -0.0671 | I5: -0.2022 | J5: -0.0586 | K5: -0.1753 | L5: -0.0623 | M5: -0.1618
A6: Environmental Innovation | B6: -0.296 | C6: -0.4175 | D6: -0.2828 | E6: -0.1943 | F6: -0.2112 | G6: -0.3242 | H6: -0.1636 | I6: -0.3772 | J6: -0.0655 | K6: 0.1683 | L6: -0.0127 | M6: 0.033
B7: -0.0859 | C7: -0.183 | D7: -0.0826 | E7: -0.1525 | F7: -0.1073 | G7: -0.1683 | H7: -0.0708 | I7: -0.1457 | J7: -0.0693 | K7: -0.151 | L7: -0.0742 | M7: -0.2053
A8: Financial Development | B8: 2.2633 | C8: 0.6367 | D8: 2.1973 | E8: -1.2751 | F8: 1.9969 | G8: -0.3606 | H8: 0.9961 | I8: -0.3878 | J8: 0.1768 | K8: 0.1747 | L8: 0.6325 | M8: 1.2891
B9: -0.6901 | C9: -1.1127 | D9: -0.7354 | E9: -0.9827 | F9: -0.8292 | G9: -0.9479 | H9: -0.5117 | I9: -1.0936 | J9: -0.5741 | K9: -1.0693 | L9: -0.5739 | M9: -1.2214
A10: Net Energy Import | B10: 6.3118 | C10: 8.4105 | D10: 6.9982 | E10: 6.9722 | F10: 6.5374 | G10: 7.9337 | H10: 4.7727 | I10: 6.9918 | J10: 2.9144 | K10: 4.6547 | L10: 3.01 | M10: 9.1907
B11: -0.7443 | C11: -1.5297 | D11: -0.654 | E11: -1.3486 | F11: -0.7075 | G11: -1.0913 | H11: -0.5898 | I11: -1.3531 | J11: -0.6218 | K11: -1.2598 | L11: -0.6237 | M11: -1.5346
A12: Low Carbon Trade | B12: -0.1031 | C12: -0.4986 | D12: -0.1163 | E12: -0.4389 | F12: -0.0589 | G12: -0.2055 | H12: -0.069 | I12: -0.2894 | J12: -0.0686 | K12: -0.4412 | L12: -0.0945 | M12: -0.9236
B13: -0.1001 | C13: -0.1236 | D13: -0.1052 | E13: -0.1234 | F13: -0.1084 | G13: -0.1191 | H13: -0.0749 | I13: -0.1174 | J13: -0.0718 | K13: -0.1188 | L13: -0.0746 | M13: -0.1274
B15: Food Vulnerability
B16: CORR | D16: GOVEFF | F16: POLST | H16: REG | J16: RULE | L16: VOICE
A17: Policy Stringency | B17: 0.1954 | C17: 0.2326 | D17: 0.1505 | E17: 0.3755 | F17: 0.2078 | G17: 0.1594 | H17: 0.2087 | I17: 0.1861 | J17: 0.188 | K17: -0.0354 | L17: 0.1881 | M17: -0.0028
B18: -0.0977 | C18: -0.1671 | D18: -0.0945 | E18: -0.1361 | F18: -0.0911 | G18: -0.179 | H18: -0.0895 | I18: -0.1682 | J18: -0.0945 | K18: -0.1647 | L18: -0.0762 | M18: -0.1348
A19: Environmental Innovation | B19: -0.0665 | C19: -0.16 | D19: -0.0541 | E19: 0.0984 | F19: -0.0476 | G19: -0.5677 | H19: -0.0944 | I19: -0.3523 | J19: 0.025 | K19: 0.0825 | L19: 0.0715 | M19: -0.347
B20: -0.0964 | C20: -0.1403 | D20: -0.0868 | E20: -0.1047 | F20: -0.0896 | G20: -0.1228 | H20: -0.0892 | I20: -0.123 | J20: -0.098 | K20: -0.1323 | L20: -0.109 | M20: -0.2015
A21: Financial Development | B21: 1.9733 | C21: 4.126 | D21: 2.4766 | E21: 3.8401 | F21: 1.4439 | G21: 3.8039 | H21: 1.5289 | I21: 3.5066 | J21: 1.6785 | K21: 2.8383 | L21: 0.8707 | M21: 3.6353
B22: -0.7819 | C22: -1.0013 | D22: -0.7987 | E22: -0.9062 | F22: -0.7214 | G22: -1.0223 | H22: -0.6845 | I22: -1.0188 | J22: -0.7653 | K22: -1.1497 | L22: -0.5931 | M22: -1.1597
A23: Net Energy Import | B23: 3.4707 | C23: 4.3197 | D23: 3.3762 | E23: 1.7517 | F23: 3.1469 | G23: 6.1407 | H23: 3.6018 | I23: 5.08 | J23: 2.6807 | K23: 3.7958 | L23: 3.0259 | M23: 7.9793
B24: -0.749 | C24: -1.4088 | D24: -0.6711 | E24: -0.9768 | F24: -0.5787 | G24: -1.3507 | H24: -0.5211 | I24: -1.4615 | J24: -0.6794 | K24: -1.3154 | L24: -0.5831 | M24: -1.5428
A25: Low Carbon Trade | B25: -0.0229 | C25: -0.5503 | D25: -0.0346 | E25: -0.2888 | F25: 0.0104 | G25: -0.3613 | H25: -0.0125 | I25: -0.376 | J25: -0.0069 | K25: -0.2319 | L25: -0.0016 | M25: -0.8111
B26: -0.0981 | C26: -0.1243 | D26: -0.1004 | E26: -0.1121 | F26: -0.0917 | G26: -0.1415 | H26: -0.0892 | I26: -0.1248 | J26: -0.0944 | K26: -0.1333 | L26: -0.0811 | M26: -0.1348
B28: Health Vulnerability
B29: CORR | D29: GOVEFF | F29: POLST | H29: REG | J29: RULE | L29: VOICE
A30: Policy Stringency | B30: 0.212 | C30: 0.0917 | D30: 0.1932 | E30: 0.3017 | F30: 0.2011 | G30: -0.0199 | H30: 0.2077 | I30: 0.3124 | J30: 0.169 | K30: -0.1721 | L30: 0.1796 | M30: -0.1054
B31: -0.0944 | C31: -0.1544 | D31: -0.0952 | E31: -0.178 | F31: -0.0884 | G31: -0.1541 | H31: -0.0897 | I31: -0.1636 | J31: -0.0936 | K31: -0.167 | L31: -0.0794 | M31: -0.1486
A32: Environmental Innovation | B32: -0.071 | C32: -0.1608 | D32: -0.0903 | E32: -0.0618 | F32: -0.0778 | G32: -0.3425 | H32: -0.1088 | I32: -0.0998 | J32: 0.0351 | K32: 0.0241 | L32: 0.0412 | M32: -0.3247
B33: -0.1038 | C33: -0.1475 | D33: -0.097 | E33: -0.1175 | F33: -0.0947 | G33: -0.1054 | H33: -0.0987 | I33: -0.1305 | J33: -0.1053 | K33: -0.1393 | L33: -0.0892 | M33: -0.2377
A34: Financial Development | B34: 2.4004 | C34: 5.4568 | D34: 2.8978 | E34: 5.097 | F34: 1.9783 | G34: 3.8289 | H34: 1.7702 | I34: 4.666 | J34: 2.6358 | K34: 3.9809 | L34: 1.804 | M34: 4.9301
B35: -0.7706 | C35: -1.0499 | D35: -0.7982 | E35: -1.0894 | F35: -0.7485 | G35: -1.037 | H35: -0.7053 | I35: -0.9822 | J35: -0.8056 | K35: -1.0695 | L35: -0.6986 | M35: -1.175
A36: Net Energy Import | B36: 3.4847 | C36: 5.5978 | D36: 3.5367 | E36: 3.0212 | F36: 3.2355 | G36: 6.8303 | H36: 3.8212 | I36: 3.0583 | J36: 2.7066 | K36: 4.5356 | L36: 2.6541 | M36: 5.8609
B37: -0.7926 | C37: -1.6232 | D37: -0.7187 | E37: -1.1417 | F37: -0.5864 | G37: -1.1568 | H37: -0.5604 | I37: -1.5868 | J37: -0.7162 | K37: -1.2949 | L37: -0.5691 | M37: -1.5036
A38: Low Carbon Trade | B38: -0.1258 | C38: -0.5274 | D38: -0.1497 | E38: -0.4177 | F38: -0.1096 | G38: -0.0489 | H38: -0.0978 | I38: -0.1844 | J38: -0.169 | K38: -0.0395 | L38: -0.0113 | M38: -0.6166
B39: -0.1005 | C39: -0.1147 | D39: -0.1027 | E39: -0.1082 | F39: -0.0976 | G39: -0.1121 | H39: -0.0961 | I39: -0.1012 | J39: -0.101 | K39: -0.1342 | L39: -0.0922 | M39: -0.1415
B41: Infrastructure Vulnerability
B42: CORR | D42: GOVEFF | F42: POLST | H42: REG | J42: RULE | L42: VOICE
A43: Policy Stringency | B43: 0.304 | C43: 0.2606 | D43: 0.3065 | E43: 0.4452 | F43: 0.2855 | G43: 0.2703 | H43: 0.2581 | I43: 0.6498 | J43: 0.2772 | K43: 0.2774 | L43: 0.2289 | M43: 0.5658
B44: -0.0986 | C44: -0.1592 | D44: -0.0965 | E44: -0.1688 | F44: -0.0936 | G44: -0.1319 | H44: -0.0932 | I44: -0.1253 | J44: -0.0989 | K44: -0.1832 | L44: -0.0734 | M44: -0.1785
A45: Environmental Innovation | B45: -0.2098 | C45: -0.3512 | D45: -0.2165 | E45: -0.191 | F45: -0.2016 | G45: -0.2975 | H45: -0.2043 | I45: -0.2714 | J45: -0.1508 | K45: -0.4477 | L45: 0.0787 | M45: -0.1513
B46: -0.0982 | C46: -0.1822 | D46: -0.0904 | E46: -0.1591 | F46: -0.0877 | G46: -0.1397 | H46: -0.0917 | I46: -0.1185 | J46: -0.1024 | K46: -0.1798 | L46: -0.0889 | M46: -0.281
A47: Financial Development | B47: 1.8483 | C47: 5.2775 | D47: 2.1723 | E47: 3.6117 | F47: 1.4471 | G47: 3.4876 | H47: 1.3085 | I47: 2.9357 | J47: 2.2673 | K47: 3.1147 | L47: 1.4146 | M47: 7.491
B48: -0.7982 | C48: -0.9957 | D48: -0.7902 | E48: -1.0459 | F48: -0.7708 | G48: -0.861 | H48: -0.7342 | I48: -0.7313 | J48: -0.7705 | K48: -0.9485 | L48: -0.6077 | M48: -1.316
A49: Net Energy Import | B49: 3.15 | C49: 3.736 | D49: 3.0182 | E49: 2.8246 | F49: 3.2363 | G49: 3.6769 | H49: 3.6639 | I49: 0.0377 | J49: 2.4426 | K49: 4.0658 | L49: 2.0832 | M49: 3.8645
B50: -0.8262 | C50: -1.2231 | D50: -0.7406 | E50: -1.0216 | F50: -0.5574 | G50: -0.9979 | H50: -0.6027 | I50: -1.0494 | J50: -0.6801 | K50: -1.2764 | L50: -0.5753 | M50: -1.9604
A51: Low Carbon Trade | B51: -0.065 | C51: -0.3455 | D51: -0.0704 | E51: -0.2555 | F51: -0.0957 | G51: -0.3002 | H51: -0.068 | I51: -0.0965 | J51: -0.1052 | K51: -0.0727 | L51: -0.0128 | M51: -0.7328
B52: -0.1008 | C52: -0.1438 | D52: -0.1008 | E52: -0.13 | F52: -0.0939 | G52: -0.1025 | H52: -0.0938 | I52: -0.0954 | J52: -0.0991 | K52: -0.1418 | L52: -0.0785 | M52: -0.1599
B54: Water Vulnerability
B55: CORR | D55: GOVEFF | F55: POLST | H55: REG | J55: RULE | L55: VOICE
A56: Policy Stringency | B56: 0.1676 | C56: 0.3392 | D56: 0.1334 | E56: 0.3093 | F56: 0.1611 | G56: 0.311 | H56: 0.1829 | I56: 0.4005 | J56: 0.1573 | K56: 0.1441 | L56: 0.1609 | M56: 0.0981
B57: -0.0892 | C57: -0.194 | D57: -0.0962 | E57: -0.1794 | F57: -0.0863 | G57: -0.2064 | H57: -0.0829 | I57: -0.178 | J57: -0.0832 | K57: -0.208 | L57: -0.0702 | M57: -0.207
A58: Environmental Innovation | B58: -0.1165 | C58: -0.3656 | D58: -0.1353 | E58: 0.0239 | F58: -0.1095 | G58: -0.1477 | H58: -0.1287 | I58: -0.2522 | J58: -0.0539 | K58: -0.0176 | L58: 0.0395 | M58: 0.0662
B59: -0.0883 | C59: -0.1817 | D59: -0.0882 | E59: -0.1447 | F59: -0.0872 | G59: -0.1567 | H59: -0.0812 | I59: -0.1342 | J59: -0.0925 | K59: -0.17 | L59: -0.0913 | M59: -0.2711
A60: Financial Development | B60: 2.0938 | C60: 6.291 | D60: 2.5498 | E60: 4.0438 | F60: 1.6744 | G60: 3.3972 | H60: 1.62 | I60: 3.7924 | J60: 1.6838 | K60: 4.2155 | L60: 1.1586 | M60: 4.1017
B61: -0.681 | C61: -1.0981 | D61: -0.7296 | E61: -0.9782 | F61: -0.6772 | G61: -1.2357 | H61: -0.6147 | I61: -0.9892 | J61: -0.6478 | K61: -1.0113 | L61: -0.5646 | M61: -1.345
A62: Net Energy Import | B62: 2.6368 | C62: 5.362 | D62: 3.0567 | E62: 1.9483 | F62: 2.5201 | G62: 3.8133 | H62: 3.3956 | I62: 2.0299 | J62: 2.2149 | K62: 2.6004 | L62: 2.2486 | M62: 6.7376
B63: -0.7783 | C63: -1.3975 | D63: -0.7081 | E63: -1.1065 | F63: -0.5971 | G63: -1.063 | H63: -0.5313 | I63: -1.0494 | J63: -0.6274 | K63: -1.2758 | L63: -0.5869 | M63: -1.7051
A64: Low Carbon Trade | B64: -0.0109 | C64: -0.8051 | D64: -0.0784 | E64: -0.3621 | F64: 0.0298 | G64: -0.4212 | H64: -0.0116 | I64: -0.2416 | J64: -0.0071 | K64: -0.2392 | L64: 0.0294 | M64: -1.0958
B65: -0.093 | C65: -0.1398 | D65: -0.0986 | E65: -0.1257 | F65: -0.0899 | G65: -0.1428 | H65: -0.0838 | I65: -0.1224 | J65: -0.0872 | K65: -0.1452 | L65: -0.078 | M65: -0.1492

Sheet Coefficients (7.1.2)
B1: 7.1.2
B2: Ecosystem Vulnerability
B3: CORR | D3: GOVEFF | F3: POLST | H3: REG | J3: RULE | L3: VOICE
A4: Renewable Electricity Generation | B4: 0.0319 | C4: -0.0124 | D4: 0.0245 | E4: 0.0014 | F4: 0.0281 | G4: 0.003 | H4: 0.0287 | I4: -0.0006 | J4: 0.0272 | K4: -0.0166 | L4: 0.0464 | M4: -0.0374
B5: -0.0038 | C5: -0.0068 | D5: -0.0035 | E5: -0.0088 | F5: -0.0065 | G5: -0.0088 | H5: -0.0071 | I5: -0.0082 | J5: -0.0031 | K5: -0.0111 | L5: -0.0046 | M5: -0.0107
A6: Financial Access | B6: 0.1438 | C6: 0.3909 | D6: 0.182 | E6: 0.519 | F6: 0.0851 | G6: 0.3067 | H6: 0.1162 | I6: 0.4464 | J6: 0.2045 | K6: 0.3876 | L6: 0.1296 | M6: 0.3597
B7: -0.0285 | C7: -0.0646 | D7: -0.0279 | E7: -0.0724 | F7: -0.0487 | G7: -0.0801 | H7: -0.0378 | I7: -0.0589 | J7: -0.0272 | K7: -0.0755 | L7: -0.0299 | M7: -0.0705
A8: Policy Stringency | B8: 0.001 | C8: -0.0337 | D8: 0.0058 | E8: -0.0318 | F8: 0.012 | G8: -0.0228 | H8: 0.0056 | I8: -0.0333 | J8: 0.0022 | K8: -0.023 | L8: 0.0083 | M8: 0.0074
B9: -0.005 | C9: -0.0111 | D9: -0.0055 | E9: -0.0113 | F9: -0.0074 | G9: -0.0131 | H9: -0.007 | I9: -0.012 | J9: -0.0052 | K9: -0.0114 | L9: -0.0059 | M9: -0.0092
A10: Per Capita Income | B10: 0.298 | C10: 0.0658 | D10: 0.2839 | E10: 0.2414 | F10: 0.329 | G10: 0.1433 | H10: 0.2958 | I10: 0.0806 | J10: 0.2905 | K10: 0.2295 | L10: 0.2827 | M10: 0.3238
B11: -0.0154 | C11: -0.0356 | D11: -0.0164 | E11: -0.034 | F11: -0.0257 | G11: -0.0426 | H11: -0.0224 | I11: -0.0329 | J11: -0.0149 | K11: -0.0471 | L11: -0.0154 | M11: -0.0429
A12: Urban Population Growth | B12: -0.0094 | C12: -0.0245 | D12: -0.0115 | E12: 0.0007 | F12: -0.0025 | G12: -0.0255 | H12: -0.0102 | I12: -0.0468 | J12: -0.0055 | K12: -0.0122 | L12: -0.0171 | M12: -0.03
B13: -0.0058 | C13: -0.0088 | D13: -0.0068 | E13: -0.0106 | F13: -0.0082 | G13: -0.0104 | H13: -0.0076 | I13: -0.0083 | J13: -0.0062 | K13: -0.0139 | L13: -0.0065 | M13: -0.0098
B15: Food Vulnerability
B16: CORR | D16: GOVEFF | F16: POLST | H16: REG | J16: RULE | L16: VOICE
A17: Renewable Electricity Generation | B17: 0.0393 | C17: 0.003 | D17: 0.0276 | E17: 0.0382 | F17: 0.0322 | G17: 0.0149 | H17: 0.0242 | I17: 0.0355 | J17: 0.028 | K17: 0.0101 | L17: 0.0625 | M17: 0.0315
B18: -0.0068 | C18: -0.0077 | D18: -0.0049 | E18: -0.0079 | F18: -0.0068 | G18: -0.0092 | H18: -0.0076 | I18: -0.0084 | J18: -0.006 | K18: -0.0116 | L18: -0.0057 | M18: -0.0075
A19: Financial Access | B19: 0.1265 | C19: 0.7395 | D19: 0.1659 | E19: 0.7745 | F19: 0.1236 | G19: 0.8349 | H19: 0.1072 | I19: 0.7627 | J19: 0.1518 | K19: 0.8256 | L19: 0.167 | M19: 0.6176
B20: -0.035 | C20: -0.0825 | D20: -0.026 | E20: -0.065 | F20: -0.0412 | G20: -0.0801 | H20: -0.0375 | I20: -0.0715 | J20: -0.0349 | K20: -0.0815 | L20: -0.0302 | M20: -0.0764
A21: Policy Stringency | B21: 0.0021 | C21: 0.015 | D21: 0.0039 | E21: -0.0376 | F21: 0.0016 | G21: -0.0066 | H21: 0.0052 | I21: -0.0134 | J21: 0.0004 | K21: 0.0093 | L21: -0.0067 | M21: -0.0067
B22: -0.007 | C22: -0.0084 | D22: -0.0058 | E22: -0.0079 | F22: -0.0079 | G22: -0.0101 | H22: -0.0076 | I22: -0.0099 | J22: -0.0072 | K22: -0.0096 | L22: -0.0067 | M22: -0.0096
A23: Per Capita Income | B23: 0.3367 | C23: 0.1658 | D23: 0.3344 | E23: 0.2983 | F23: 0.4124 | G23: 0.241 | H23: 0.3691 | I23: 0.2932 | J23: 0.3613 | K23: 0.173 | L23: 0.3151 | M23: 0.2878
B24: -0.0241 | C24: -0.0286 | D24: -0.0145 | E24: -0.0275 | F24: -0.0275 | G24: -0.0305 | H24: -0.0243 | I24: -0.0267 | J24: -0.0207 | K24: -0.029 | L24: -0.0196 | M24: -0.0376
A25: Urban Population Growth | B25: -0.0136 | C25: -0.0666 | D25: -0.0066 | E25: -0.0475 | F25: -0.0061 | G25: -0.0343 | H25: -0.0059 | I25: -0.0514 | J25: -0.0129 | K25: -0.0514 | L25: -0.016 | M25: -0.0069
B26: -0.0083 | C26: -0.0107 | D26: -0.0076 | E26: -0.0099 | F26: -0.009 | G26: -0.0117 | H26: -0.0084 | I26: -0.0123 | J26: -0.0081 | K26: -0.0144 | L26: -0.0078 | M26: -0.012
B28: Health Vulnerability
B29: CORR | D29: GOVEFF | F29: POLST | H29: REG | J29: RULE | L29: VOICE
A30: Renewable Electricity Generation | B30: 0.0419 | C30: -0.0296 | D30: 0.021 | E30: -0.0279 | F30: 0.0405 | G30: 0.0102 | H30: 0.026 | I30: -0.0077 | J30: 0.0262 | K30: -0.0117 | L30: 0.0395 | M30: 0.0088
B31: -0.0058 | C31: -0.0084 | D31: -0.0038 | E31: -0.006 | F31: -0.0078 | G31: -0.0098 | H31: -0.0074 | I31: -0.0073 | J31: -0.0055 | K31: -0.01 | L31: -0.0058 | M31: -0.0118
A32: Financial Access | B32: 0.1221 | C32: 0.5142 | D32: 0.1401 | E32: 0.5419 | F32: 0.0876 | G32: 0.5749 | H32: 0.0649 | I32: 0.4059 | J32: 0.1314 | K32: 0.6265 | L32: 0.1794 | M32: 0.3739
B33: -0.0331 | C33: -0.0832 | D33: -0.0239 | E33: -0.0693 | F33: -0.0369 | G33: -0.0738 | H33: -0.0275 | I33: -0.0583 | J33: -0.028 | K33: -0.0825 | L33: -0.0283 | M33: -0.0618
A34: Policy Stringency | B34: 0 | C34: 0.0121 | D34: 0.0043 | E34: -0.0049 | F34: 0.0026 | G34: -0.0085 | H34: 0.0056 | I34: -0.0017 | J34: -0.0048 | K34: -0.0125 | L34: -0.0132 | M34: 0.0242
B35: -0.0064 | C35: -0.0097 | D35: -0.0056 | E35: -0.0072 | F35: -0.0072 | G35: -0.0089 | H35: -0.0065 | I35: -0.0077 | J35: -0.0066 | K35: -0.009 | L35: -0.0062 | M35: -0.0095
A36: Per Capita Income | B36: 0.2868 | C36: 0.1044 | D36: 0.3158 | E36: 0.1497 | F36: 0.3963 | G36: 0.1383 | H36: 0.3302 | I36: 0.2076 | J36: 0.3454 | K36: 0.2316 | L36: 0.3191 | M36: 0.356
B37: -0.0257 | C37: -0.035 | D37: -0.0144 | E37: -0.0318 | F37: -0.0274 | G37: -0.0341 | H37: -0.0216 | I37: -0.0292 | J37: -0.0186 | K37: -0.0364 | L37: -0.0191 | M37: -0.0338
A38: Urban Population Growth | B38: -0.0144 | C38: -0.0382 | D38: -0.0102 | E38: -0.016 | F38: -0.0074 | G38: -0.0284 | H38: -0.0113 | I38: -0.044 | J38: -0.0152 | K38: -0.0103 | L38: -0.0073 | M38: -0.03
B39: -0.0081 | C39: -0.0132 | D39: -0.0073 | E39: -0.0093 | F39: -0.0095 | G39: -0.0134 | H39: -0.0078 | I39: -0.0119 | J39: -0.008 | K39: -0.0153 | L39: -0.0084 | M39: -0.011
B41: Infrastructure Vulnerability
B42: CORR | D42: GOVEFF | F42: POLST | H42: REG | J42: RULE | L42: VOICE
A43: Renewable Electricity Generation | B43: 0.0343 | C43: 0.0178 | D43: 0.033 | E43: -0.0084 | F43: 0.0463 | G43: 0.0705 | H43: 0.0393 | I43: 0.0057 | J43: 0.0448 | K43: 0.0432 | L43: 0.0608 | M43: 0.0099
B44: -0.0087 | C44: -0.0085 | D44: -0.0046 | E44: -0.008 | F44: -0.009 | G44: -0.0107 | H44: -0.011 | I44: -0.0067 | J44: -0.0072 | K44: -0.0099 | L44: -0.0074 | M44: -0.0116
A45: Financial Access | B45: 0.1051 | C45: 0.3016 | D45: 0.1772 | E45: 0.3387 | F45: 0.1532 | G45: 0.2626 | H45: 0.0749 | I45: 0.2348 | J45: 0.2357 | K45: 0.3772 | L45: 0.1555 | M45: 0.2981
B46: -0.0464 | C46: -0.0545 | D46: -0.0366 | E46: -0.0458 | F46: -0.0574 | G46: -0.0489 | H46: -0.0526 | I46: -0.0415 | J46: -0.056 | K46: -0.0504 | L46: -0.0429 | M46: -0.0559
A47: Policy Stringency | B47: 0.0065 | C47: -0.011 | D47: 0 | E47: 0.0018 | F47: -0.0041 | G47: 0.0002 | H47: 0.008 | I47: 0.0006 | J47: -0.0011 | K47: -0.009 | L47: -0.0001 | M47: 0.0138
B48: -0.0073 | C48: -0.0101 | D48: -0.0071 | E48: -0.0094 | F48: -0.0093 | G48: -0.0083 | H48: -0.0096 | I48: -0.0086 | J48: -0.0093 | K48: -0.0079 | L48: -0.0086 | M48: -0.0064
A49: Per Capita Income | B49: 0.3488 | C49: 0.2489 | D49: 0.3422 | E49: 0.1994 | F49: 0.4763 | G49: 0.201 | H49: 0.3801 | I49: 0.3394 | J49: 0.4501 | K49: 0.2219 | L49: 0.3261 | M49: 0.3655
B50: -0.0255 | C50: -0.0333 | D50: -0.0173 | E50: -0.0305 | F50: -0.0314 | G50: -0.034 | H50: -0.0289 | I50: -0.0296 | J50: -0.0305 | K50: -0.0328 | L50: -0.0204 | M50: -0.0341
A51: Urban Population Growth | B51: -0.0092 | C51: -0.0362 | D51: -0.0066 | E51: -0.025 | F51: -0.0026 | G51: -0.0111 | H51: 0.0005 | I51: -0.0151 | J51: 0.001 | K51: -0.0181 | L51: 0.0013 | M51: 0.0106
B52: -0.0083 | C52: -0.0121 | D52: -0.0078 | E52: -0.012 | F52: -0.0105 | G52: -0.0118 | H52: -0.0093 | I52: -0.0112 | J52: -0.011 | K52: -0.0134 | L52: -0.0105 | M52: -0.0087
B54: Water Vulnerability
B55: CORR | D55: GOVEFF | F55: POLST | H55: REG | J55: RULE | L55: VOICE
A56: Electricity Generation | B56: 0.0521 | C56: -0.0124 | D56: 0.0464 | E56: -0.015 | F56: 0.0472 | G56: 0.0041 | H56: 0.0478 | I56: 0.0033 | J56: 0.0499 | K56: -0.0324 | L56: 0.0561 | M56: -0.0669
B57: -0.0045 | C57: -0.0089 | D57: -0.005 | E57: -0.0069 | F57: -0.0069 | G57: -0.0105 | H57: -0.0075 | I57: -0.0091 | J57: -0.0046 | K57: -0.0109 | L57: -0.0046 | M57: -0.0152
A58: Financial Access | B58: 0.0914 | C58: 0.0122 | D58: 0.1454 | E58: 0.1333 | F58: 0.0905 | G58: 0.2044 | H58: 0.0966 | I58: 0.0664 | J58: 0.1288 | K58: 0.0922 | L58: 0.1143 | M58: 0.258
B59: -0.0327 | C59: -0.083 | D59: -0.0325 | E59: -0.068 | F59: -0.0427 | G59: -0.0894 | H59: -0.0379 | I59: -0.0558 | J59: -0.0302 | K59: -0.0939 | L59: -0.029 | M59: -0.0829
A60: Rural Population Growth | B60: 0.0075 | C60: 0.031 | D60: 0.0033 | E60: -0.0074 | F60: 0.0182 | G60: 0.0095 | H60: 0.017 | I60: 0.0129 | J60: 0.0025 | K60: 0.0321 | L60: 0.0129 | M60: 0.0108
B61: -0.0055 | C61: -0.0145 | D61: -0.006 | E61: -0.0106 | F61: -0.0071 | G61: -0.0122 | H61: -0.0066 | I61: -0.0107 | J61: -0.0058 | K61: -0.0117 | L61: -0.0059 | M61: -0.008
A62: Income Inequality | B62: 0.2671 | C62: 0.1909 | D62: 0.2969 | E62: 0.3197 | F62: 0.3139 | G62: 0.2546 | H62: 0.2598 | I62: 0.2204 | J62: 0.308 | K62: 0.3018 | L62: 0.2768 | M62: 0.3693
B63: -0.0226 | C63: -0.0405 | D63: -0.0181 | E63: -0.029 | F63: -0.0269 | G63: -0.0342 | H63: -0.0221 | I63: -0.0274 | J63: -0.02 | K63: -0.0378 | L63: -0.0159 | M63: -0.0357
A64: Health Expenditure | B64: -0.008 | C64: -0.0238 | D64: -0.0068 | E64: -0.006 | F64: -0.0042 | G64: 0.0011 | H64: -0.0018 | I64: -0.0283 | J64: -0.0073 | K64: -0.0227 | L64: -0.0102 | M64: -0.0084
B65: -0.0069 | C65: -0.016 | D65: -0.0072 | E65: -0.0097 | F65: -0.0083 | G65: -0.0164 | H65: -0.0075 | I65: -0.0107 | J65: -0.0069 | K65: -0.016 | L65: -0.0064 | M65: -0.0112

Sheet Coefficients (7.1.1)
B1: 7.1.1
B2: Ecosystem Vulnerability
B3: CORR | D3: GOVEFF | F3: POLST | H3: REG | J3: RULE | L3: VOICE
A4: Electricity Generation | B4: -0.0186 | C4: -0.0317 | D4: 0.0064 | E4: -0.0339 | F4: -0.0165 | G4: -0.0078 | H4: -0.0254 | I4: 0.0061 | J4: -0.0049 | K4: -0.0594 | L4: -0.0243 | M4: 0.0013
B5: -0.0175 | C5: -0.0348 | D5: -0.0162 | E5: -0.0413 | F5: -0.0181 | G5: -0.0353 | H5: -0.0179 | I5: -0.0367 | J5: -0.0186 | K5: -0.0387 | L5: -0.0163 | M5: -0.0319
A6: Financial Access | B6: 0.1483 | C6: 0.0626 | D6: 0.1118 | E6: 0.27 | F6: 0.1551 | G6: 0.1756 | H6: 0.1206 | I6: 0.0081 | J6: 0.1117 | K6: 0.2151 | L6: 0.0981 | M6: 0.3841
B7: -0.0292 | C7: -0.0443 | D7: -0.0263 | E7: -0.0595 | F7: -0.029 | G7: -0.0567 | H7: -0.0349 | I7: -0.0503 | J7: -0.0323 | K7: -0.0564 | L7: -0.0269 | M7: -0.0707
A8: Rural Population Growth | B8: -0.0517 | C8: -0.0492 | D8: -0.0541 | E8: -0.082 | F8: -0.0463 | G8: -0.0431 | H8: -0.0393 | I8: -0.0372 | J8: -0.0478 | K8: -0.0595 | L8: -0.0145 | M8: -0.0399
B9: -0.0057 | C9: -0.0094 | D9: -0.0054 | E9: -0.0148 | F9: -0.0055 | G9: -0.0105 | H9: -0.0062 | I9: -0.0094 | J9: -0.0069 | K9: -0.0124 | L9: -0.006 | M9: -0.0122
A10: Income Inequality | B10: -0.1658 | C10: -0.0742 | D10: -0.1249 | E10: 0.2721 | F10: -0.2103 | G10: 0.1372 | H10: -0.4133 | I10: 0.0761 | J10: -0.0256 | K10: 0.3292 | L10: 0.228 | M10: 0.4146
B11: -0.1487 | C11: -0.2121 | D11: -0.1442 | E11: -0.2385 | F11: -0.1398 | G11: -0.2278 | H11: -0.1472 | I11: -0.2276 | J11: -0.1623 | K11: -0.2498 | L11: -0.1513 | M11: -0.2557
A12: Health Expenditure | B12: 0.0019 | C12: 0.0005 | D12: 0.0023 | E12: 0.0026 | F12: 0.0016 | G12: 0.0021 | H12: 0.0011 | I12: 0.0019 | J12: 0.0009 | K12: -0.0003 | L12: 0.0002 | M12: 0.0014
B13: -0.0008 | C13: -0.0012 | D13: -0.0008 | E13: -0.0013 | F13: -0.0007 | G13: -0.0012 | H13: -0.0008 | I13: -0.0013 | J13: -0.0009 | K13: -0.0012 | L13: -0.0007 | M13: -0.001
B15: Food Vulnerability
B16: CORR | D16: GOVEFF | F16: POLST | H16: REG | J16: RULE | L16: VOICE
A17: Electricity Generation | B17: -0.0408 | C17: -0.0549 | D17: -0.0315 | E17: -0.0284 | F17: -0.034 | G17: -0.1662 | H17: -0.0416 | I17: -0.0951 | J17: -0.0223 | K17: -0.0514 | L17: -0.0244 | M17: -0.0781
B18: -0.0135 | C18: -0.0323 | D18: -0.0134 | E18: -0.0286 | F18: -0.0141 | G18: -0.025 | H18: -0.0144 | I18: -0.0489 | J18: -0.0154 | K18: -0.0238 | L18: -0.0149 | M18: -0.0424
A19: Financial Access | B19: 0.0462 | C19: 0.3701 | D19: 0.0274 | E19: 0.3679 | F19: 0.0434 | G19: 0.4999 | H19: 0.0391 | I19: 0.4356 | J19: 0.0735 | K19: 0.6122 | L19: 0.0668 | M19: 0.4129
B20: -0.0251 | C20: -0.0569 | D20: -0.0236 | E20: -0.0662 | F20: -0.0263 | G20: -0.0607 | H20: -0.028 | I20: -0.0729 | J20: -0.0282 | K20: -0.0509 | L20: -0.0276 | M20: -0.0839
A21: Rural Population Growth | B21: -0.0268 | C21: -0.0487 | D21: -0.0287 | E21: -0.0305 | F21: -0.0242 | G21: -0.1418 | H21: -0.0217 | I21: -0.0554 | J21: -0.0315 | K21: -0.0599 | L21: -0.0064 | M21: -0.0557
B22: -0.0047 | C22: -0.0101 | D22: -0.0055 | E22: -0.0126 | F22: -0.0044 | G22: -0.0144 | H22: -0.0049 | I22: -0.0135 | J22: -0.0065 | K22: -0.0099 | L22: -0.0052 | M22: -0.0168
A23: Income Inequality | B23: -0.07 | C23: 0.2325 | D23: -0.062 | E23: 0.1282 | F23: -0.0844 | G23: -0.0606 | H23: -0.1632 | I23: 0.4216 | J23: -0.07 | K23: 0.2421 | L23: 0.2598 | M23: 0.4463
B24: -0.0988 | C24: -0.1768 | D24: -0.0963 | E24: -0.198 | F24: -0.0983 | G24: -0.1273 | H24: -0.1069 | I24: -0.1689 | J24: -0.119 | K24: -0.1404 | L24: -0.1344 | M24: -0.2316
A25: Health Expenditure | B25: 0.0011 | C25: 0.0019 | D25: 0.0012 | E25: 0.0029 | F25: 0.0012 | G25: 0.001 | H25: 0.0008 | I25: 0.0035 | J25: 0.0015 | K25: 0.0027 | L25: 0.0005 | M25: 0.0009
B26: -0.0006 | C26: -0.0008 | D26: -0.0006 | E26: -0.0008 | F26: -0.0006 | G26: -0.0005 | H26: -0.0006 | I26: -0.0012 | J26: -0.0008 | K26: -0.0007 | L26: -0.0006 | M26: -0.001
B28: Health Vulnerability
B29: CORR | D29: GOVEFF | F29: POLST | H29: REG | J29: RULE | L29: VOICE
A30: Electricity Generation | B30: -0.0415 | C30: -0.0733 | D30: -0.0232 | E30: -0.0048 | F30: -0.0475 | G30: -0.0776 | H30: -0.046 | I30: -0.0716 | J30: -0.0417 | K30: -0.0404 | L30: -0.0199 | M30: 0.0383
B31: -0.0168 | C31: -0.0304 | D31: -0.0159 | E31: -0.0227 | F31: -0.017 | G31: -0.0304 | H31: -0.0165 | I31: -0.0385 | J31: -0.019 | K31: -0.0325 | L31: -0.0198 | M31: -0.0472
A32: Financial Access | B32: 0.1116 | C32: 0.1906 | D32: 0.0924 | E32: 0.1415 | F32: 0.0982 | G32: 0.3624 | H32: 0.0976 | I32: 0.1615 | J32: 0.1317 | K32: 0.2418 | L32: 0.0642 | M32: 0.0923
B33: -0.0238 | C33: -0.0524 | D33: -0.0199 | E33: -0.0388 | F33: -0.0257 | G33: -0.0606 | H33: -0.0265 | I33: -0.068 | J33: -0.0272 | K33: -0.0602 | L33: -0.0281 | M33: -0.0654
A34: Rural Population Growth | B34: -0.0356 | C34: -0.0271 | D34: -0.0384 | E34: -0.0047 | F34: -0.0258 | G34: -0.1038 | H34: -0.0267 | I34: -0.0299 | J34: -0.0442 | K34: -0.0201 | L34: -0.0036 | M34: 0.0128
B35: -0.0053 | C35: -0.011 | D35: -0.0057 | E35: -0.01 | F35: -0.0054 | G35: -0.0157 | H35: -0.0053 | I35: -0.0116 | J35: -0.0061 | K35: -0.0128 | L35: -0.006 | M35: -0.0108
A36: Income Inequality | B36: 0.0716 | C36: -0.1083 | D36: 0.0387 | E36: -0.2203 | F36: 0.0252 | G36: 0.2361 | H36: -0.0199 | I36: 0.4551 | J36: -0.0305 | K36: 0.513 | L36: 0.3487 | M36: 0.6909
B37: -0.1265 | C37: -0.1803 | D37: -0.1215 | E37: -0.145 | F37: -0.1277 | G37: -0.1539 | H37: -0.1283 | I37: -0.1726 | J37: -0.1356 | K37: -0.1932 | L37: -0.1607 | M37: -0.2071
A38: Health Expenditure | B38: 0.0027 | C38: -0.0005 | D38: 0.0029 | E38: 0.0022 | F38: 0.0025 | G38: 0.0029 | H38: 0.0024 | I38: 0.0035 | J38: 0.0017 | K38: 0.0033 | L38: 0.0003 | M38: 0.003
B39: -0.0008 | C39: -0.0011 | D39: -0.0007 | E39: -0.0009 | F39: -0.0007 | G39: -0.0009 | H39: -0.0008 | I39: -0.0011 | J39: -0.0009 | K39: -0.0012 | L39: -0.0008 | M39: -0.0013
B41: Infrastructure Vulnerability
B42: CORR | D42: GOVEFF | F42: POLST | H42: REG | J42: RULE | L42: VOICE
A43: Electricity Generation | B43: -0.0256 | C43: -0.0258 | D43: 0.0058 | E43: -0.0224 | F43: -0.0194 | G43: -0.1551 | H43: -0.0174 | I43: -0.0487 | J43: -0.0193 | K43: -0.0899 | L43: -0.0193 | M43: -0.1452
B44: -0.0191 | C44: -0.0256 | D44: -0.0195 | E44: -0.0265 | F44: -0.0211 | G44: -0.0319 | H44: -0.0216 | I44: -0.0377 | J44: -0.0189 | K44: -0.0313 | L44: -0.0216 | M44: -0.0321
A45: Financial Access | B45: 0.1933 | C45: 0.0546 | D45: 0.1575 | E45: 0.0681 | F45: 0.1992 | G45: 0.2594 | H45: 0.1964 | I45: 0.0831 | J45: 0.1709 | K45: 0.1532 | L45: 0.1487 | M45: 0.1842
B46: -0.019 | C46: -0.0293 | D46: -0.0202 | E46: -0.032 | F46: -0.021 | G46: -0.039 | H46: -0.0252 | I46: -0.0377 | J46: -0.0202 | K46: -0.035 | L46: -0.0281 | M46: -0.0353
A47: Rural Population Growth | B47: -0.0475 | C47: -0.0164 | D47: -0.0488 | E47: -0.019 | F47: -0.051 | G47: -0.085 | H47: -0.037 | I47: -0.0255 | J47: -0.0471 | K47: -0.0562 | L47: -0.0159 | M47: -0.0224
B48: -0.0085 | C48: -0.0108 | D48: -0.0084 | E48: -0.01 | F48: -0.0083 | G48: -0.0142 | H48: -0.0096 | I48: -0.0133 | J48: -0.0086 | K48: -0.0119 | L48: -0.0081 | M48: -0.0107
A49: Income Inequality | B49: -0.0588 | C49: 0.0765 | D49: -0.1028 | E49: -0.1388 | F49: -0.0783 | G49: 0.2405 | H49: -0.1389 | I49: 0.2395 | J49: -0.0706 | K49: 0.3036 | L49: 0.2839 | M49: 0.6298
B50: -0.1407 | C50: -0.1308 | D50: -0.1436 | E50: -0.155 | F50: -0.1485 | G50: -0.1609 | H50: -0.1614 | I50: -0.1667 | J50: -0.1407 | K50: -0.1628 | L50: -0.1664 | M50: -0.1391
A51: Health Expenditure | B51: 0.0022 | C51: 0.0008 | D51: 0.0029 | E51: 0.0016 | F51: 0.0028 | G51: 0.0018 | H51: 0.0024 | I51: 0.0023 | J51: 0.0015 | K51: 0.0027 | L51: 0.0009 | M51: 0.0022
B52: -0.0008 | C52: -0.0009 | D52: -0.0008 | E52: -0.001 | F52: -0.0008 | G52: -0.0009 | H52: -0.0009 | I52: -0.0011 | J52: -0.0009 | K52: -0.001 | L52: -0.0008 | M52: -0.0009
B54: Water Vulnerability
B55: CORR | D55: GOVEFF | F55: POLST | H55: REG | J55: RULE | L55: VOICE
A56: Electricity Generation | B56: -0.0062 | C56: -0.091 | D56: 0.0192 | E56: -0.0106 | F56: 0.0008 | G56: -0.0715 | H56: -0.0109 | I56: -0.0337 | J56: 0.0049 | K56: -0.0875 | L56: -0.0121 | M56: -0.042
B57: -0.018 | C57: -0.0253 | D57: -0.0154 | E57: -0.0324 | F57: -0.0199 | G57: -0.0361 | H57: -0.0194 | I57: -0.0367 | J57: -0.0186 | K57: -0.0405 | L57: -0.0179 | M57: -0.0448
A58: Financial Access | B58: 0.1935 | C58: 0.1045 | D58: 0.1576 | E58: 0.1901 | F58: 0.2349 | G58: 0.2856 | H58: 0.2075 | I58: 0.1985 | J58: 0.1646 | K58: 0.333 | L58: 0.1341 | M58: 0.467
B59: -0.0228 | C59: -0.0366 | D59: -0.0206 | E59: -0.0573 | F59: -0.0213 | G59: -0.0757 | H59: -0.0295 | I59: -0.0585 | J59: -0.029 | K59: -0.0723 | L59: -0.0274 | M59: -0.0828
A60: Rural Population Growth | B60: -0.0482 | C60: -0.0418 | D60: -0.0533 | E60: -0.0461 | F60: -0.044 | G60: -0.0797 | H60: -0.0395 | I60: -0.0642 | J60: -0.0477 | K60: -0.0536 | L60: -0.0114 | M60: -0.0504
B61: -0.0065 | C61: -0.0116 | D61: -0.0061 | E61: -0.0153 | F61: -0.0061 | G61: -0.0172 | H61: -0.0069 | I61: -0.0155 | J61: -0.0081 | K61: -0.0124 | L61: -0.0063 | M61: -0.0139
A62: Income Inequality | B62: 0.0316 | C62: 0.2163 | D62: -0.0145 | E62: 0.3056 | F62: 0.0662 | G62: 0.6183 | H62: -0.1588 | I62: 0.6098 | J62: 0.0822 | K62: 0.4758 | L62: 0.3696 | M62: 0.3718
B63: -0.1503 | C63: -0.1556 | D63: -0.142 | E63: -0.1626 | F63: -0.148 | G63: -0.1954 | H63: -0.1595 | I63: -0.1977 | J63: -0.1619 | K63: -0.139 | L63: -0.1583 | M63: -0.2067
A64: Health Expenditure | B64: 0.0026 | C64: 0.0007 | D64: 0.0027 | E64: 0.0021 | F64: 0.0024 | G64: 0.0032 | H64: 0.0019 | I64: 0.004 | J64: 0.0009 | K64: 0.0009 | L64: 0.0009 | M64: 0.0019
B65: -0.0008 | C65: -0.0009 | D65: -0.0007 | E65: -0.0009 | F65: -0.0008 | G65: -0.0011 | H65: -0.0008 | I65: -0.0012 | J65: -0.0009 | K65: -0.0008 | L65: -0.0008 | M65: -0.001

Sheet Means
A1: Year | B1: 2000 | C1: 2001 | D1: 2002 | E1: 2003 | F1: 2004 | G1: 2005 | H1: 2006 | I1: 2007 | J1: 2008 | K1: 2009 | L1: 2010 | M1: 2011 | N1: 2012 | O1: 2013 | P1: 2014 | Q1: 2015 | R1: 2016 | S1: 2017 | T1: 2018 | U1: 2019 | V1: 2020 | W1: 2021 | X1: 2022
A2: EV | B2: 0.51229624 | C2: 0.50620816 | D2: 0.50011987 | E2: 0.49403179 | F2: 0.4879437 | G2: 0.48185542 | H2: 0.48185542 | I2: 0.48185542 | J2: 0.48220958 | K2: 0.48229926 | L2: 0.48143854 | M2: 0.48160879 | N2: 0.48118736 | O2: 0.48186342 | P2: 0.47963411 | Q2: 0.4784066 | R2: 0.47975711 | S2: 0.47947558 | T2: 0.47919405 | U2: 0.47956541 | V2: 0.47993677 | W2: 0.4815152 | X2: 0.4796856
A3: FV | B3: 0.45945808 | C3: 0.45937331 | D3: 0.46010658 | E3: 0.45885747 | F3: 0.4547955 | G3: 0.45255953 | H3: 0.45019902 | I3: 0.44784347 | J3: 0.44566081 | K3: 0.44768654 | L3: 0.44276867 | M3: 0.43878233 | N3: 0.4371869 | O3: 0.43527625 | P3: 0.43342056 | Q3: 0.4426457 | R3: 0.43875176 | S3: 0.43494315 | T3: 0.43306515 | U3: 0.43297851 | V3: 0.434884 | W3: 0.4318105 | X3: 0.43531242
A4: HELV | B4: 0.49663431 | C4: 0.49573982 | D4: 0.49352418 | E4: 0.49598009 | F4: 0.49368799 | G4: 0.49862627 | H4: 0.4876185 | I4: 0.4859521 | J4: 0.48460164 | K4: 0.48034653 | L4: 0.47660042 | M4: 0.47301943 | N4: 0.46888001 | O4: 0.46035707 | P4: 0.44905447 | Q4: 0.44365312 | R4: 0.44101508 | S4: 0.4342203 | T4: 0.42968549 | U4: 0.4294524 | V4: 0.42863947 | W4: 0.42863947 | X4: 0.43554498
A5: IV | B5: 0.16423436 | C5: 0.16368952 | D5: 0.1574527 | E5: 0.15540069 | F5: 0.1564512 | G5: 0.15461943 | H5: 0.15447824 | I5: 0.15382009 | J5: 0.15382672 | K5: 0.15244582 | L5: 0.15346853 | M5: 0.16816449 | N5: 0.1649185 | O5: 0.16619016 | P5: 0.16568924 | Q5: 0.16435179 | R5: 0.1616548 | S5: 0.16037533 | T5: 0.15951853 | U5: 0.15945233 | V5: 0.15863875 | W5: 0.15863875 | X5: 0.16103994
A6: WV | B6: 0.35126725 | C6: 0.35185086 | D6: 0.35265234 | E6: 0.35359897 | F6: 0.35343742 | G6: 0.35381637 | H6: 0.35402576 | I6: 0.35464583 | J6: 0.35526435 | K6: 0.35571294 | L6: 0.35638747 | M6: 0.35678352 | N6: 0.35713058 | O6: 0.35530414 | P6: 0.35701094 | Q6: 0.35868564 | R6: 0.35924731 | S6: 0.35936423 | T6: 0.35957337 | U6: 0.35999279 | V6: 0.35984677 | W6: 0.35984677 | X6: 0.35919598
A7: CORR | B7: -0.19835121 | C7: -0.26450405 | D7: -0.33065689 | E7: -0.25377958 | F7: -0.29373597 | G7: -0.29961207 | H7: -0.29530134 | I7: -0.38016442 | J7: -0.36667363 | K7: -0.41354574 | L7: -0.40475596 | M7: -0.39315831 | N7: -0.4469681 | O7: -0.42575872 | P7: -0.44074461 | Q7: -0.41700903 | R7: -0.35051099 | S7: -0.41307923 | T7: -0.37741579 | U7: -0.34742965 | V7: -0.32901067 | W7: -0.31947041 | X7: -0.28659432
A8: GOVEFF | B8: -0.066131239 | C8: -0.044578547 | D8: -0.023025855 | E8: -0.024696197 | F8: -0.065108028 | G8: -0.07407303 | H8: -0.12259393 | I8: -0.025535384 | J8: -0.017961197 | K8: -0.053196617 | L8: -0.078939975 | M8: -0.090503167 | N8: -0.13804678 | O8: -0.089677212 | P8: -0.016720968 | Q8: 0.027327999 | R8: 0.018897566 | S8: 0.032444191 | T8: 0.076546022 | U8: 0.14912773 | V8: 0.13287326 | W8: 0.093840189 | X8: 0.15070205
A9: POLST | B9: -0.53082597 | C9: -0.48439239 | D9: -0.43795881 | E9: -0.71542708 | F9: -0.71868608 | G9: -0.64176207 | H9: -0.55237795 | I9: -0.53216672 | J9: -0.52332508 | K9: -0.54561684 | L9: -0.576091 | M9: -0.60713123 | N9: -0.52504593 | O9: -0.56278111 | P9: -0.53615851 | Q9: -0.61451483 | R9: -0.58363091 | S9: -0.47757535 | T9: -0.49928564 | U9: -0.51326653 | V9: -0.49842507 | W9: -0.58678666 | X9: -0.58033646
A10: REG | B10: -0.041534117 | C10: -0.049334434 | D10: -0.05713475 | E10: 0.018729955 | F10: -0.018980813 | G10: 0.030419253 | H10: -0.044870591 | I10: -0.045970712 | J10: -0.049441853 | K10: -0.071833274 | L10: -0.069948301 | M10: -0.045896208 | N10: -0.10803552 | O10: -0.12808133 | P10: -0.20126272 | Q10: -0.24816602 | R10: -0.21731757 | S10: -0.17574213 | T10: -0.25699778 | U10: -0.19542482 | V10: -0.16593945 | W10: -0.22117265 | X10: -0.20299618
A11: RULE | B11: -0.26956643 | C11: -0.29959815 | D11: -0.32962987 | E11: -0.34416897 | F11: -0.36873835 | G11: -0.39369599 | H11: -0.34594212 | I11: -0.38351628 | J11: -0.33548143 | K11: -0.25663256 | L11: -0.23000798 | M11: -0.2225134 | N11: -0.29167502 | O11: -0.2699185 | P11: -0.22699897 | Q11: -0.27374763 | R11: -0.25982532 | S11: -0.30028431 | T11: -0.29006765 | U11: -0.27321895 | V11: -0.25758096 | W11: -0.21307272 | X11: -0.20477196
A12: VOICE | B12: -0.066090691 | C12: -0.081083047 | D12: -0.096075404 | E12: -0.090084243 | F12: -0.10595232 | G12: -0.12638263 | H12: -0.2161283 | I12: -0.2135702 | J12: -0.19273277 | K12: -0.20956365 | L12: -0.1905592 | M12: -0.19617392 | N12: -0.23144919 | O12: -0.24053519 | P12: -0.22708741 | Q12: -0.24263566 | R12: -0.23000381 | S12: -0.2255973 | T12: -0.23823168 | U12: -0.3041625 | V12: -0.31482037 | W12: -0.31180912 | X12: -0.35362789
