Workbook

Sheet Sheet2
A1: SDG | B1: Determinants | C1: Negative Impact | D1: Positive Impact
A2: SDG 7.1.1 | B2: Electricity Generation | C2: 0.9 | D2: 0.1
B3: Financial Access | C3: 0 | D3: 1
B4: Rural Population Growth | C4: 0.96666667 | D4: 0.033333333
B5: Income Inequality | C5: 0.16666667 | D5: 0.83333333
B6: Health Expenditure | C6: 0.066666667 | D6: 0.93333333
A7: SDG 7.1.2 | B7: Renewable Electricity Generation | C7: 0.43333333 | D7: 0.56666667
B8: Financial Access | C8: 0 | D8: 1
B9: Policy Stringency | C9: 0.53333333 | D9: 0.46666667
B10: Per Capita Income | C10: 0 | D10: 1
B11: Urban Population Growth | C11: 0.9 | D11: 0.1
A12: SDG 7.2.1 | B12: Policy Stringency | C12: 0.16666667 | D12: 0.83333333
B13: Environmental Innovation | C13: 0.76666667 | D13: 0.23333333
B14: Financial Development | C14: 0.1 | D14: 0.9
B15: Net Energy Import | C15: 0 | D15: 1
B16: Low Carbon Trade | C16: 1 | D16: 0
A17: SDG 7.3.1 | B17: Policy Stringency | C17: 0.86666667 | D17: 0.13333333
B18: Environmental Innovation | C18: 0.7 | D18: 0.3
B19: Foreign Direct Investment | C19: 0.96666667 | D19: 0.033333333
B20: Industrial Share | C20: 0 | D20: 1
B21: Energy Demand | C21: 0.86666667 | D21: 0.13333333

Sheet Marginal Impacts (7.3.1)
B1: 7.3.1
B2: EV | C2: FV | D2: HLV | E2: IV | F2: WV
A3: CORR | B3: =IF('Coefficients (7.3.1)'!B4<0,"N","P") -> P | C3: =IF('Coefficients (7.3.1)'!B12<0,"N","P") -> N | D3: =IF('Coefficients (7.3.1)'!B20<0,"N","P") -> P | E3: =IF('Coefficients (7.3.1)'!B28<0,"N","P") -> N | F3: =IF('Coefficients (7.3.1)'!B36<0,"N","P") -> N
B4: =IF('Coefficients (7.3.1)'!B5<0,"N","P") -> P | C4: =IF('Coefficients (7.3.1)'!B13<0,"N","P") -> P | D4: =IF('Coefficients (7.3.1)'!B21<0,"N","P") -> N | E4: =IF('Coefficients (7.3.1)'!B29<0,"N","P") -> N | F4: =IF('Coefficients (7.3.1)'!B37<0,"N","P") -> P
B5: =IF('Coefficients (7.3.1)'!B6<0,"N","P") -> N | C5: =IF('Coefficients (7.3.1)'!B14<0,"N","P") -> N | D5: =IF('Coefficients (7.3.1)'!B22<0,"N","P") -> N | E5: =IF('Coefficients (7.3.1)'!B30<0,"N","P") -> N | F5: =IF('Coefficients (7.3.1)'!B38<0,"N","P") -> P
B6: =IF('Coefficients (7.3.1)'!B7<0,"N","P") -> P | C6: =IF('Coefficients (7.3.1)'!B15<0,"N","P") -> P | D6: =IF('Coefficients (7.3.1)'!B23<0,"N","P") -> P | E6: =IF('Coefficients (7.3.1)'!B31<0,"N","P") -> P | F6: =IF('Coefficients (7.3.1)'!B39<0,"N","P") -> P
B7: =IF('Coefficients (7.3.1)'!B8<0,"N","P") -> N | C7: =IF('Coefficients (7.3.1)'!B16<0,"N","P") -> N | D7: =IF('Coefficients (7.3.1)'!B24<0,"N","P") -> N | E7: =IF('Coefficients (7.3.1)'!B32<0,"N","P") -> N | F7: =IF('Coefficients (7.3.1)'!B40<0,"N","P") -> N
A8: GOVEFF | B8: =IF('Coefficients (7.3.1)'!C4<0,"N","P") -> N | C8: =IF('Coefficients (7.3.1)'!C12<0,"N","P") -> N | D8: =IF('Coefficients (7.3.1)'!C20<0,"N","P") -> N | E8: =IF('Coefficients (7.3.1)'!C28<0,"N","P") -> N | F8: =IF('Coefficients (7.3.1)'!C36<0,"N","P") -> N
B9: =IF('Coefficients (7.3.1)'!C5<0,"N","P") -> N | C9: =IF('Coefficients (7.3.1)'!C13<0,"N","P") -> N | D9: =IF('Coefficients (7.3.1)'!C21<0,"N","P") -> N | E9: =IF('Coefficients (7.3.1)'!C29<0,"N","P") -> N | F9: =IF('Coefficients (7.3.1)'!C37<0,"N","P") -> N
B10: =IF('Coefficients (7.3.1)'!C6<0,"N","P") -> N | C10: =IF('Coefficients (7.3.1)'!C14<0,"N","P") -> N | D10: =IF('Coefficients (7.3.1)'!C22<0,"N","P") -> N | E10: =IF('Coefficients (7.3.1)'!C30<0,"N","P") -> N | F10: =IF('Coefficients (7.3.1)'!C38<0,"N","P") -> N
B11: =IF('Coefficients (7.3.1)'!C7<0,"N","P") -> P | C11: =IF('Coefficients (7.3.1)'!C15<0,"N","P") -> P | D11: =IF('Coefficients (7.3.1)'!C23<0,"N","P") -> P | E11: =IF('Coefficients (7.3.1)'!C31<0,"N","P") -> P | F11: =IF('Coefficients (7.3.1)'!C39<0,"N","P") -> P
B12: =IF('Coefficients (7.3.1)'!C8<0,"N","P") -> P | C12: =IF('Coefficients (7.3.1)'!C16<0,"N","P") -> N | D12: =IF('Coefficients (7.3.1)'!C24<0,"N","P") -> P | E12: =IF('Coefficients (7.3.1)'!C32<0,"N","P") -> P | F12: =IF('Coefficients (7.3.1)'!C40<0,"N","P") -> P
A13: POLST | B13: =IF('Coefficients (7.3.1)'!D4<0,"N","P") -> P | C13: =IF('Coefficients (7.3.1)'!D12<0,"N","P") -> N | D13: =IF('Coefficients (7.3.1)'!D20<0,"N","P") -> N | E13: =IF('Coefficients (7.3.1)'!D28<0,"N","P") -> N | F13: =IF('Coefficients (7.3.1)'!D36<0,"N","P") -> N
B14: =IF('Coefficients (7.3.1)'!D5<0,"N","P") -> N | C14: =IF('Coefficients (7.3.1)'!D13<0,"N","P") -> N | D14: =IF('Coefficients (7.3.1)'!D21<0,"N","P") -> N | E14: =IF('Coefficients (7.3.1)'!D29<0,"N","P") -> N | F14: =IF('Coefficients (7.3.1)'!D37<0,"N","P") -> N
B15: =IF('Coefficients (7.3.1)'!D6<0,"N","P") -> N | C15: =IF('Coefficients (7.3.1)'!D14<0,"N","P") -> N | D15: =IF('Coefficients (7.3.1)'!D22<0,"N","P") -> N | E15: =IF('Coefficients (7.3.1)'!D30<0,"N","P") -> N | F15: =IF('Coefficients (7.3.1)'!D38<0,"N","P") -> N
B16: =IF('Coefficients (7.3.1)'!D7<0,"N","P") -> P | C16: =IF('Coefficients (7.3.1)'!D15<0,"N","P") -> P | D16: =IF('Coefficients (7.3.1)'!D23<0,"N","P") -> P | E16: =IF('Coefficients (7.3.1)'!D31<0,"N","P") -> P | F16: =IF('Coefficients (7.3.1)'!D39<0,"N","P") -> P
B17: =IF('Coefficients (7.3.1)'!D8<0,"N","P") -> N | C17: =IF('Coefficients (7.3.1)'!D16<0,"N","P") -> N | D17: =IF('Coefficients (7.3.1)'!D24<0,"N","P") -> N | E17: =IF('Coefficients (7.3.1)'!D32<0,"N","P") -> N | F17: =IF('Coefficients (7.3.1)'!D40<0,"N","P") -> N
A18: REG | B18: =IF('Coefficients (7.3.1)'!E4<0,"N","P") -> N | C18: =IF('Coefficients (7.3.1)'!E12<0,"N","P") -> N | D18: =IF('Coefficients (7.3.1)'!E20<0,"N","P") -> N | E18: =IF('Coefficients (7.3.1)'!E28<0,"N","P") -> N | F18: =IF('Coefficients (7.3.1)'!E36<0,"N","P") -> N
B19: =IF('Coefficients (7.3.1)'!E5<0,"N","P") -> P | C19: =IF('Coefficients (7.3.1)'!E13<0,"N","P") -> N | D19: =IF('Coefficients (7.3.1)'!E21<0,"N","P") -> N | E19: =IF('Coefficients (7.3.1)'!E29<0,"N","P") -> N | F19: =IF('Coefficients (7.3.1)'!E37<0,"N","P") -> N
B20: =IF('Coefficients (7.3.1)'!E6<0,"N","P") -> N | C20: =IF('Coefficients (7.3.1)'!E14<0,"N","P") -> N | D20: =IF('Coefficients (7.3.1)'!E22<0,"N","P") -> N | E20: =IF('Coefficients (7.3.1)'!E30<0,"N","P") -> N | F20: =IF('Coefficients (7.3.1)'!E38<0,"N","P") -> N
B21: =IF('Coefficients (7.3.1)'!E7<0,"N","P") -> P | C21: =IF('Coefficients (7.3.1)'!E15<0,"N","P") -> P | D21: =IF('Coefficients (7.3.1)'!E23<0,"N","P") -> P | E21: =IF('Coefficients (7.3.1)'!E31<0,"N","P") -> P | F21: =IF('Coefficients (7.3.1)'!E39<0,"N","P") -> P
B22: =IF('Coefficients (7.3.1)'!E8<0,"N","P") -> N | C22: =IF('Coefficients (7.3.1)'!E16<0,"N","P") -> N | D22: =IF('Coefficients (7.3.1)'!E24<0,"N","P") -> N | E22: =IF('Coefficients (7.3.1)'!E32<0,"N","P") -> N | F22: =IF('Coefficients (7.3.1)'!E40<0,"N","P") -> N
A23: RULE | B23: =IF('Coefficients (7.3.1)'!F4<0,"N","P") -> P | C23: =IF('Coefficients (7.3.1)'!F12<0,"N","P") -> N | D23: =IF('Coefficients (7.3.1)'!F20<0,"N","P") -> N | E23: =IF('Coefficients (7.3.1)'!F28<0,"N","P") -> N | F23: =IF('Coefficients (7.3.1)'!F36<0,"N","P") -> N
B24: =IF('Coefficients (7.3.1)'!F5<0,"N","P") -> P | C24: =IF('Coefficients (7.3.1)'!F13<0,"N","P") -> N | D24: =IF('Coefficients (7.3.1)'!F21<0,"N","P") -> N | E24: =IF('Coefficients (7.3.1)'!F29<0,"N","P") -> P | F24: =IF('Coefficients (7.3.1)'!F37<0,"N","P") -> P
B25: =IF('Coefficients (7.3.1)'!F6<0,"N","P") -> N | C25: =IF('Coefficients (7.3.1)'!F14<0,"N","P") -> N | D25: =IF('Coefficients (7.3.1)'!F22<0,"N","P") -> N | E25: =IF('Coefficients (7.3.1)'!F30<0,"N","P") -> N | F25: =IF('Coefficients (7.3.1)'!F38<0,"N","P") -> N
B26: =IF('Coefficients (7.3.1)'!F7<0,"N","P") -> P | C26: =IF('Coefficients (7.3.1)'!F15<0,"N","P") -> P | D26: =IF('Coefficients (7.3.1)'!F23<0,"N","P") -> P | E26: =IF('Coefficients (7.3.1)'!F31<0,"N","P") -> P | F26: =IF('Coefficients (7.3.1)'!F39<0,"N","P") -> P
B27: =IF('Coefficients (7.3.1)'!F8<0,"N","P") -> N | C27: =IF('Coefficients (7.3.1)'!F16<0,"N","P") -> N | D27: =IF('Coefficients (7.3.1)'!F24<0,"N","P") -> N | E27: =IF('Coefficients (7.3.1)'!F32<0,"N","P") -> N | F27: =IF('Coefficients (7.3.1)'!F40<0,"N","P") -> N
A28: VOICE | B28: =IF('Coefficients (7.3.1)'!G4<0,"N","P") -> N | C28: =IF('Coefficients (7.3.1)'!G12<0,"N","P") -> N | D28: =IF('Coefficients (7.3.1)'!G20<0,"N","P") -> N | E28: =IF('Coefficients (7.3.1)'!G28<0,"N","P") -> N | F28: =IF('Coefficients (7.3.1)'!G36<0,"N","P") -> N
B29: =IF('Coefficients (7.3.1)'!G5<0,"N","P") -> P | C29: =IF('Coefficients (7.3.1)'!G13<0,"N","P") -> P | D29: =IF('Coefficients (7.3.1)'!G21<0,"N","P") -> N | E29: =IF('Coefficients (7.3.1)'!G29<0,"N","P") -> N | F29: =IF('Coefficients (7.3.1)'!G37<0,"N","P") -> N
B30: =IF('Coefficients (7.3.1)'!G6<0,"N","P") -> N | C30: =IF('Coefficients (7.3.1)'!G14<0,"N","P") -> N | D30: =IF('Coefficients (7.3.1)'!G22<0,"N","P") -> N | E30: =IF('Coefficients (7.3.1)'!G30<0,"N","P") -> N | F30: =IF('Coefficients (7.3.1)'!G38<0,"N","P") -> N
B31: =IF('Coefficients (7.3.1)'!G7<0,"N","P") -> P | C31: =IF('Coefficients (7.3.1)'!G15<0,"N","P") -> P | D31: =IF('Coefficients (7.3.1)'!G23<0,"N","P") -> P | E31: =IF('Coefficients (7.3.1)'!G31<0,"N","P") -> P | F31: =IF('Coefficients (7.3.1)'!G39<0,"N","P") -> P
B32: =IF('Coefficients (7.3.1)'!G8<0,"N","P") -> N | C32: =IF('Coefficients (7.3.1)'!G16<0,"N","P") -> N | D32: =IF('Coefficients (7.3.1)'!G24<0,"N","P") -> N | E32: =IF('Coefficients (7.3.1)'!G32<0,"N","P") -> N | F32: =IF('Coefficients (7.3.1)'!G40<0,"N","P") -> N
B35: Negative Impact | C35: Positive Impact
A36: Policy Stringency | B36: =(COUNTIF(B3:F3,"N")+COUNTIF(B8:F8,"N")+COUNTIF(B13:F13,"N")+COUNTIF(B18:F18,"N")+COUNTIF(B23:F23,"N")+COUNTIF(B28:F28,"N"))/30 -> 0.86666667 | C36: =(COUNTIF(B3:F3,"P")+COUNTIF(B8:F8,"P")+COUNTIF(B13:F13,"P")+COUNTIF(B18:F18,"P")+COUNTIF(B23:F23,"P")+COUNTIF(B28:F28,"P"))/30 -> 0.13333333
A37: Environmental Innovation | B37: =(COUNTIF(B4:F4,"N")+COUNTIF(B9:F9,"N")+COUNTIF(B14:F14,"N")+COUNTIF(B19:F19,"N")+COUNTIF(B24:F24,"N")+COUNTIF(B29:F29,"N"))/30 -> 0.7 | C37: =(COUNTIF(B4:F4,"P")+COUNTIF(B9:F9,"P")+COUNTIF(B14:F14,"P")+COUNTIF(B19:F19,"P")+COUNTIF(B24:F24,"P")+COUNTIF(B29:F29,"P"))/30 -> 0.3
A38: Foreign Direct Investment | B38: =(COUNTIF(B5:F5,"N")+COUNTIF(B10:F10,"N")+COUNTIF(B15:F15,"N")+COUNTIF(B20:F20,"N")+COUNTIF(B25:F25,"N")+COUNTIF(B30:F30,"N"))/30 -> 0.96666667 | C38: =(COUNTIF(B5:F5,"P")+COUNTIF(B10:F10,"P")+COUNTIF(B15:F15,"P")+COUNTIF(B20:F20,"P")+COUNTIF(B25:F25,"P")+COUNTIF(B30:F30,"P"))/30 -> 0.033333333
A39: Industrial Share | B39: =(COUNTIF(B6:F6,"N")+COUNTIF(B11:F11,"N")+COUNTIF(B16:F16,"N")+COUNTIF(B21:F21,"N")+COUNTIF(B26:F26,"N")+COUNTIF(B31:F31,"N"))/30 -> 0 | C39: =(COUNTIF(B6:F6,"P")+COUNTIF(B11:F11,"P")+COUNTIF(B16:F16,"P")+COUNTIF(B21:F21,"P")+COUNTIF(B26:F26,"P")+COUNTIF(B31:F31,"P"))/30 -> 1
A40: Energy Demand | B40: =(COUNTIF(B7:F7,"N")+COUNTIF(B12:F12,"N")+COUNTIF(B17:F17,"N")+COUNTIF(B22:F22,"N")+COUNTIF(B27:F27,"N")+COUNTIF(B32:F32,"N"))/30 -> 0.86666667 | C40: =(COUNTIF(B7:F7,"P")+COUNTIF(B12:F12,"P")+COUNTIF(B17:F17,"P")+COUNTIF(B22:F22,"P")+COUNTIF(B27:F27,"P")+COUNTIF(B32:F32,"P"))/30 -> 0.13333333

Sheet Marginal Impacts (7.2.1)
B1: 7.2.1
B2: EV | C2: FV | D2: HLV | E2: IV | F2: WV
A3: CORR | B3: =IF('Coefficients (7.2.1)'!B4<0,"N","P") -> P | C3: =IF('Coefficients (7.2.1)'!B12<0,"N","P") -> P | D3: =IF('Coefficients (7.2.1)'!B20<0,"N","P") -> P | E3: =IF('Coefficients (7.2.1)'!B28<0,"N","P") -> P | F3: =IF('Coefficients (7.2.1)'!B36<0,"N","P") -> P
B4: =IF('Coefficients (7.2.1)'!B5<0,"N","P") -> N | C4: =IF('Coefficients (7.2.1)'!B13<0,"N","P") -> N | D4: =IF('Coefficients (7.2.1)'!B21<0,"N","P") -> N | E4: =IF('Coefficients (7.2.1)'!B29<0,"N","P") -> N | F4: =IF('Coefficients (7.2.1)'!B37<0,"N","P") -> N
B5: =IF('Coefficients (7.2.1)'!B6<0,"N","P") -> P | C5: =IF('Coefficients (7.2.1)'!B14<0,"N","P") -> P | D5: =IF('Coefficients (7.2.1)'!B22<0,"N","P") -> P | E5: =IF('Coefficients (7.2.1)'!B30<0,"N","P") -> P | F5: =IF('Coefficients (7.2.1)'!B38<0,"N","P") -> P
B6: =IF('Coefficients (7.2.1)'!B7<0,"N","P") -> P | C6: =IF('Coefficients (7.2.1)'!B15<0,"N","P") -> P | D6: =IF('Coefficients (7.2.1)'!B23<0,"N","P") -> P | E6: =IF('Coefficients (7.2.1)'!B31<0,"N","P") -> P | F6: =IF('Coefficients (7.2.1)'!B39<0,"N","P") -> P
B7: =IF('Coefficients (7.2.1)'!B8<0,"N","P") -> N | C7: =IF('Coefficients (7.2.1)'!B16<0,"N","P") -> N | D7: =IF('Coefficients (7.2.1)'!B24<0,"N","P") -> N | E7: =IF('Coefficients (7.2.1)'!B32<0,"N","P") -> N | F7: =IF('Coefficients (7.2.1)'!B40<0,"N","P") -> N
A8: GOVEFF | B8: =IF('Coefficients (7.2.1)'!C4<0,"N","P") -> P | C8: =IF('Coefficients (7.2.1)'!C12<0,"N","P") -> P | D8: =IF('Coefficients (7.2.1)'!C20<0,"N","P") -> P | E8: =IF('Coefficients (7.2.1)'!C28<0,"N","P") -> P | F8: =IF('Coefficients (7.2.1)'!C36<0,"N","P") -> P
B9: =IF('Coefficients (7.2.1)'!C5<0,"N","P") -> N | C9: =IF('Coefficients (7.2.1)'!C13<0,"N","P") -> P | D9: =IF('Coefficients (7.2.1)'!C21<0,"N","P") -> N | E9: =IF('Coefficients (7.2.1)'!C29<0,"N","P") -> N | F9: =IF('Coefficients (7.2.1)'!C37<0,"N","P") -> P
B10: =IF('Coefficients (7.2.1)'!C6<0,"N","P") -> N | C10: =IF('Coefficients (7.2.1)'!C14<0,"N","P") -> P | D10: =IF('Coefficients (7.2.1)'!C22<0,"N","P") -> P | E10: =IF('Coefficients (7.2.1)'!C30<0,"N","P") -> P | F10: =IF('Coefficients (7.2.1)'!C38<0,"N","P") -> P
B11: =IF('Coefficients (7.2.1)'!C7<0,"N","P") -> P | C11: =IF('Coefficients (7.2.1)'!C15<0,"N","P") -> P | D11: =IF('Coefficients (7.2.1)'!C23<0,"N","P") -> P | E11: =IF('Coefficients (7.2.1)'!C31<0,"N","P") -> P | F11: =IF('Coefficients (7.2.1)'!C39<0,"N","P") -> P
B12: =IF('Coefficients (7.2.1)'!C8<0,"N","P") -> N | C12: =IF('Coefficients (7.2.1)'!C16<0,"N","P") -> N | D12: =IF('Coefficients (7.2.1)'!C24<0,"N","P") -> N | E12: =IF('Coefficients (7.2.1)'!C32<0,"N","P") -> N | F12: =IF('Coefficients (7.2.1)'!C40<0,"N","P") -> N
A13: POLST | B13: =IF('Coefficients (7.2.1)'!D4<0,"N","P") -> P | C13: =IF('Coefficients (7.2.1)'!D12<0,"N","P") -> P | D13: =IF('Coefficients (7.2.1)'!D20<0,"N","P") -> N | E13: =IF('Coefficients (7.2.1)'!D28<0,"N","P") -> P | F13: =IF('Coefficients (7.2.1)'!D36<0,"N","P") -> P
B14: =IF('Coefficients (7.2.1)'!D5<0,"N","P") -> N | C14: =IF('Coefficients (7.2.1)'!D13<0,"N","P") -> N | D14: =IF('Coefficients (7.2.1)'!D21<0,"N","P") -> N | E14: =IF('Coefficients (7.2.1)'!D29<0,"N","P") -> N | F14: =IF('Coefficients (7.2.1)'!D37<0,"N","P") -> N
B15: =IF('Coefficients (7.2.1)'!D6<0,"N","P") -> N | C15: =IF('Coefficients (7.2.1)'!D14<0,"N","P") -> P | D15: =IF('Coefficients (7.2.1)'!D22<0,"N","P") -> P | E15: =IF('Coefficients (7.2.1)'!D30<0,"N","P") -> P | F15: =IF('Coefficients (7.2.1)'!D38<0,"N","P") -> P
B16: =IF('Coefficients (7.2.1)'!D7<0,"N","P") -> P | C16: =IF('Coefficients (7.2.1)'!D15<0,"N","P") -> P | D16: =IF('Coefficients (7.2.1)'!D23<0,"N","P") -> P | E16: =IF('Coefficients (7.2.1)'!D31<0,"N","P") -> P | F16: =IF('Coefficients (7.2.1)'!D39<0,"N","P") -> P
B17: =IF('Coefficients (7.2.1)'!D8<0,"N","P") -> N | C17: =IF('Coefficients (7.2.1)'!D16<0,"N","P") -> N | D17: =IF('Coefficients (7.2.1)'!D24<0,"N","P") -> N | E17: =IF('Coefficients (7.2.1)'!D32<0,"N","P") -> N | F17: =IF('Coefficients (7.2.1)'!D40<0,"N","P") -> N
A18: REG | B18: =IF('Coefficients (7.2.1)'!E4<0,"N","P") -> P | C18: =IF('Coefficients (7.2.1)'!E12<0,"N","P") -> P | D18: =IF('Coefficients (7.2.1)'!E20<0,"N","P") -> P | E18: =IF('Coefficients (7.2.1)'!E28<0,"N","P") -> P | F18: =IF('Coefficients (7.2.1)'!E36<0,"N","P") -> P
B19: =IF('Coefficients (7.2.1)'!E5<0,"N","P") -> N | C19: =IF('Coefficients (7.2.1)'!E13<0,"N","P") -> N | D19: =IF('Coefficients (7.2.1)'!E21<0,"N","P") -> N | E19: =IF('Coefficients (7.2.1)'!E29<0,"N","P") -> N | F19: =IF('Coefficients (7.2.1)'!E37<0,"N","P") -> N
B20: =IF('Coefficients (7.2.1)'!E6<0,"N","P") -> N | C20: =IF('Coefficients (7.2.1)'!E14<0,"N","P") -> P | D20: =IF('Coefficients (7.2.1)'!E22<0,"N","P") -> P | E20: =IF('Coefficients (7.2.1)'!E30<0,"N","P") -> P | F20: =IF('Coefficients (7.2.1)'!E38<0,"N","P") -> P
B21: =IF('Coefficients (7.2.1)'!E7<0,"N","P") -> P | C21: =IF('Coefficients (7.2.1)'!E15<0,"N","P") -> P | D21: =IF('Coefficients (7.2.1)'!E23<0,"N","P") -> P | E21: =IF('Coefficients (7.2.1)'!E31<0,"N","P") -> P | F21: =IF('Coefficients (7.2.1)'!E39<0,"N","P") -> P
B22: =IF('Coefficients (7.2.1)'!E8<0,"N","P") -> N | C22: =IF('Coefficients (7.2.1)'!E16<0,"N","P") -> N | D22: =IF('Coefficients (7.2.1)'!E24<0,"N","P") -> N | E22: =IF('Coefficients (7.2.1)'!E32<0,"N","P") -> N | F22: =IF('Coefficients (7.2.1)'!E40<0,"N","P") -> N
A23: RULE | B23: =IF('Coefficients (7.2.1)'!F4<0,"N","P") -> P | C23: =IF('Coefficients (7.2.1)'!F12<0,"N","P") -> N | D23: =IF('Coefficients (7.2.1)'!F20<0,"N","P") -> N | E23: =IF('Coefficients (7.2.1)'!F28<0,"N","P") -> P | F23: =IF('Coefficients (7.2.1)'!F36<0,"N","P") -> P
B24: =IF('Coefficients (7.2.1)'!F5<0,"N","P") -> P | C24: =IF('Coefficients (7.2.1)'!F13<0,"N","P") -> P | D24: =IF('Coefficients (7.2.1)'!F21<0,"N","P") -> P | E24: =IF('Coefficients (7.2.1)'!F29<0,"N","P") -> N | F24: =IF('Coefficients (7.2.1)'!F37<0,"N","P") -> N
B25: =IF('Coefficients (7.2.1)'!F6<0,"N","P") -> P | C25: =IF('Coefficients (7.2.1)'!F14<0,"N","P") -> P | D25: =IF('Coefficients (7.2.1)'!F22<0,"N","P") -> P | E25: =IF('Coefficients (7.2.1)'!F30<0,"N","P") -> P | F25: =IF('Coefficients (7.2.1)'!F38<0,"N","P") -> P
B26: =IF('Coefficients (7.2.1)'!F7<0,"N","P") -> P | C26: =IF('Coefficients (7.2.1)'!F15<0,"N","P") -> P | D26: =IF('Coefficients (7.2.1)'!F23<0,"N","P") -> P | E26: =IF('Coefficients (7.2.1)'!F31<0,"N","P") -> P | F26: =IF('Coefficients (7.2.1)'!F39<0,"N","P") -> P
B27: =IF('Coefficients (7.2.1)'!F8<0,"N","P") -> N | C27: =IF('Coefficients (7.2.1)'!F16<0,"N","P") -> N | D27: =IF('Coefficients (7.2.1)'!F24<0,"N","P") -> N | E27: =IF('Coefficients (7.2.1)'!F32<0,"N","P") -> N | F27: =IF('Coefficients (7.2.1)'!F40<0,"N","P") -> N
A28: VOICE | B28: =IF('Coefficients (7.2.1)'!G4<0,"N","P") -> P | C28: =IF('Coefficients (7.2.1)'!G12<0,"N","P") -> N | D28: =IF('Coefficients (7.2.1)'!G20<0,"N","P") -> N | E28: =IF('Coefficients (7.2.1)'!G28<0,"N","P") -> P | F28: =IF('Coefficients (7.2.1)'!G36<0,"N","P") -> P
B29: =IF('Coefficients (7.2.1)'!G5<0,"N","P") -> P | C29: =IF('Coefficients (7.2.1)'!G13<0,"N","P") -> N | D29: =IF('Coefficients (7.2.1)'!G21<0,"N","P") -> N | E29: =IF('Coefficients (7.2.1)'!G29<0,"N","P") -> N | F29: =IF('Coefficients (7.2.1)'!G37<0,"N","P") -> P
B30: =IF('Coefficients (7.2.1)'!G6<0,"N","P") -> P | C30: =IF('Coefficients (7.2.1)'!G14<0,"N","P") -> P | D30: =IF('Coefficients (7.2.1)'!G22<0,"N","P") -> P | E30: =IF('Coefficients (7.2.1)'!G30<0,"N","P") -> P | F30: =IF('Coefficients (7.2.1)'!G38<0,"N","P") -> P
B31: =IF('Coefficients (7.2.1)'!G7<0,"N","P") -> P | C31: =IF('Coefficients (7.2.1)'!G15<0,"N","P") -> P | D31: =IF('Coefficients (7.2.1)'!G23<0,"N","P") -> P | E31: =IF('Coefficients (7.2.1)'!G31<0,"N","P") -> P | F31: =IF('Coefficients (7.2.1)'!G39<0,"N","P") -> P
B32: =IF('Coefficients (7.2.1)'!G8<0,"N","P") -> N | C32: =IF('Coefficients (7.2.1)'!G16<0,"N","P") -> N | D32: =IF('Coefficients (7.2.1)'!G24<0,"N","P") -> N | E32: =IF('Coefficients (7.2.1)'!G32<0,"N","P") -> N | F32: =IF('Coefficients (7.2.1)'!G40<0,"N","P") -> N
B35: Negative Impact | C35: Positive Impact
A36: Policy Stringency | B36: =(COUNTIF(B3:F3,"N")+COUNTIF(B8:F8,"N")+COUNTIF(B13:F13,"N")+COUNTIF(B18:F18,"N")+COUNTIF(B23:F23,"N")+COUNTIF(B28:F28,"N"))/30 -> 0.16666667 | C36: =(COUNTIF(B3:F3,"P")+COUNTIF(B8:F8,"P")+COUNTIF(B13:F13,"P")+COUNTIF(B18:F18,"P")+COUNTIF(B23:F23,"P")+COUNTIF(B28:F28,"P"))/30 -> 0.83333333
A37: Environmental Innovation | B37: =(COUNTIF(B4:F4,"N")+COUNTIF(B9:F9,"N")+COUNTIF(B14:F14,"N")+COUNTIF(B19:F19,"N")+COUNTIF(B24:F24,"N")+COUNTIF(B29:F29,"N"))/30 -> 0.76666667 | C37: =(COUNTIF(B4:F4,"P")+COUNTIF(B9:F9,"P")+COUNTIF(B14:F14,"P")+COUNTIF(B19:F19,"P")+COUNTIF(B24:F24,"P")+COUNTIF(B29:F29,"P"))/30 -> 0.23333333
A38: Financial Development | B38: =(COUNTIF(B5:F5,"N")+COUNTIF(B10:F10,"N")+COUNTIF(B15:F15,"N")+COUNTIF(B20:F20,"N")+COUNTIF(B25:F25,"N")+COUNTIF(B30:F30,"N"))/30 -> 0.1 | C38: =(COUNTIF(B5:F5,"P")+COUNTIF(B10:F10,"P")+COUNTIF(B15:F15,"P")+COUNTIF(B20:F20,"P")+COUNTIF(B25:F25,"P")+COUNTIF(B30:F30,"P"))/30 -> 0.9
A39: Net Energy Import | B39: =(COUNTIF(B6:F6,"N")+COUNTIF(B11:F11,"N")+COUNTIF(B16:F16,"N")+COUNTIF(B21:F21,"N")+COUNTIF(B26:F26,"N")+COUNTIF(B31:F31,"N"))/30 -> 0 | C39: =(COUNTIF(B6:F6,"P")+COUNTIF(B11:F11,"P")+COUNTIF(B16:F16,"P")+COUNTIF(B21:F21,"P")+COUNTIF(B26:F26,"P")+COUNTIF(B31:F31,"P"))/30 -> 1
A40: Low Carbon Trade | B40: =(COUNTIF(B7:F7,"N")+COUNTIF(B12:F12,"N")+COUNTIF(B17:F17,"N")+COUNTIF(B22:F22,"N")+COUNTIF(B27:F27,"N")+COUNTIF(B32:F32,"N"))/30 -> 1 | C40: =(COUNTIF(B7:F7,"P")+COUNTIF(B12:F12,"P")+COUNTIF(B17:F17,"P")+COUNTIF(B22:F22,"P")+COUNTIF(B27:F27,"P")+COUNTIF(B32:F32,"P"))/30 -> 0

Sheet Marginal Impacts (7.1.2)
B1: 7.1.2
B2: EV | C2: FV | D2: HLV | E2: IV | F2: WV
A3: CORR | B3: =IF('Coefficients (7.1.2)'!B4<0,"N","P") -> N | C3: =IF('Coefficients (7.1.2)'!B12<0,"N","P") -> P | D3: =IF('Coefficients (7.1.2)'!B20<0,"N","P") -> N | E3: =IF('Coefficients (7.1.2)'!B28<0,"N","P") -> P | F3: =IF('Coefficients (7.1.2)'!B36<0,"N","P") -> N
B4: =IF('Coefficients (7.1.2)'!B5<0,"N","P") -> P | C4: =IF('Coefficients (7.1.2)'!B13<0,"N","P") -> P | D4: =IF('Coefficients (7.1.2)'!B21<0,"N","P") -> P | E4: =IF('Coefficients (7.1.2)'!B29<0,"N","P") -> P | F4: =IF('Coefficients (7.1.2)'!B37<0,"N","P") -> P
B5: =IF('Coefficients (7.1.2)'!B6<0,"N","P") -> N | C5: =IF('Coefficients (7.1.2)'!B14<0,"N","P") -> P | D5: =IF('Coefficients (7.1.2)'!B22<0,"N","P") -> P | E5: =IF('Coefficients (7.1.2)'!B30<0,"N","P") -> N | F5: =IF('Coefficients (7.1.2)'!B38<0,"N","P") -> P
B6: =IF('Coefficients (7.1.2)'!B7<0,"N","P") -> P | C6: =IF('Coefficients (7.1.2)'!B15<0,"N","P") -> P | D6: =IF('Coefficients (7.1.2)'!B23<0,"N","P") -> P | E6: =IF('Coefficients (7.1.2)'!B31<0,"N","P") -> P | F6: =IF('Coefficients (7.1.2)'!B39<0,"N","P") -> P
B7: =IF('Coefficients (7.1.2)'!B8<0,"N","P") -> N | C7: =IF('Coefficients (7.1.2)'!B16<0,"N","P") -> N | D7: =IF('Coefficients (7.1.2)'!B24<0,"N","P") -> N | E7: =IF('Coefficients (7.1.2)'!B32<0,"N","P") -> N | F7: =IF('Coefficients (7.1.2)'!B40<0,"N","P") -> N
A8: GOVEFF | B8: =IF('Coefficients (7.1.2)'!C4<0,"N","P") -> P | C8: =IF('Coefficients (7.1.2)'!C12<0,"N","P") -> P | D8: =IF('Coefficients (7.1.2)'!C20<0,"N","P") -> N | E8: =IF('Coefficients (7.1.2)'!C28<0,"N","P") -> N | F8: =IF('Coefficients (7.1.2)'!C36<0,"N","P") -> N
B9: =IF('Coefficients (7.1.2)'!C5<0,"N","P") -> P | C9: =IF('Coefficients (7.1.2)'!C13<0,"N","P") -> P | D9: =IF('Coefficients (7.1.2)'!C21<0,"N","P") -> P | E9: =IF('Coefficients (7.1.2)'!C29<0,"N","P") -> P | F9: =IF('Coefficients (7.1.2)'!C37<0,"N","P") -> P
B10: =IF('Coefficients (7.1.2)'!C6<0,"N","P") -> N | C10: =IF('Coefficients (7.1.2)'!C14<0,"N","P") -> N | D10: =IF('Coefficients (7.1.2)'!C22<0,"N","P") -> N | E10: =IF('Coefficients (7.1.2)'!C30<0,"N","P") -> P | F10: =IF('Coefficients (7.1.2)'!C38<0,"N","P") -> N
B11: =IF('Coefficients (7.1.2)'!C7<0,"N","P") -> P | C11: =IF('Coefficients (7.1.2)'!C15<0,"N","P") -> P | D11: =IF('Coefficients (7.1.2)'!C23<0,"N","P") -> P | E11: =IF('Coefficients (7.1.2)'!C31<0,"N","P") -> P | F11: =IF('Coefficients (7.1.2)'!C39<0,"N","P") -> P
B12: =IF('Coefficients (7.1.2)'!C8<0,"N","P") -> P | C12: =IF('Coefficients (7.1.2)'!C16<0,"N","P") -> N | D12: =IF('Coefficients (7.1.2)'!C24<0,"N","P") -> N | E12: =IF('Coefficients (7.1.2)'!C32<0,"N","P") -> N | F12: =IF('Coefficients (7.1.2)'!C40<0,"N","P") -> N
A13: POLST | B13: =IF('Coefficients (7.1.2)'!D4<0,"N","P") -> P | C13: =IF('Coefficients (7.1.2)'!D12<0,"N","P") -> P | D13: =IF('Coefficients (7.1.2)'!D20<0,"N","P") -> P | E13: =IF('Coefficients (7.1.2)'!D28<0,"N","P") -> P | F13: =IF('Coefficients (7.1.2)'!D36<0,"N","P") -> P
B14: =IF('Coefficients (7.1.2)'!D5<0,"N","P") -> P | C14: =IF('Coefficients (7.1.2)'!D13<0,"N","P") -> P | D14: =IF('Coefficients (7.1.2)'!D21<0,"N","P") -> P | E14: =IF('Coefficients (7.1.2)'!D29<0,"N","P") -> P | F14: =IF('Coefficients (7.1.2)'!D37<0,"N","P") -> P
B15: =IF('Coefficients (7.1.2)'!D6<0,"N","P") -> N | C15: =IF('Coefficients (7.1.2)'!D14<0,"N","P") -> N | D15: =IF('Coefficients (7.1.2)'!D22<0,"N","P") -> N | E15: =IF('Coefficients (7.1.2)'!D30<0,"N","P") -> P | F15: =IF('Coefficients (7.1.2)'!D38<0,"N","P") -> P
B16: =IF('Coefficients (7.1.2)'!D7<0,"N","P") -> P | C16: =IF('Coefficients (7.1.2)'!D15<0,"N","P") -> P | D16: =IF('Coefficients (7.1.2)'!D23<0,"N","P") -> P | E16: =IF('Coefficients (7.1.2)'!D31<0,"N","P") -> P | F16: =IF('Coefficients (7.1.2)'!D39<0,"N","P") -> P
B17: =IF('Coefficients (7.1.2)'!D8<0,"N","P") -> N | C17: =IF('Coefficients (7.1.2)'!D16<0,"N","P") -> N | D17: =IF('Coefficients (7.1.2)'!D24<0,"N","P") -> N | E17: =IF('Coefficients (7.1.2)'!D32<0,"N","P") -> N | F17: =IF('Coefficients (7.1.2)'!D40<0,"N","P") -> P
A18: REG | B18: =IF('Coefficients (7.1.2)'!E4<0,"N","P") -> N | C18: =IF('Coefficients (7.1.2)'!E12<0,"N","P") -> P | D18: =IF('Coefficients (7.1.2)'!E20<0,"N","P") -> N | E18: =IF('Coefficients (7.1.2)'!E28<0,"N","P") -> P | F18: =IF('Coefficients (7.1.2)'!E36<0,"N","P") -> P
B19: =IF('Coefficients (7.1.2)'!E5<0,"N","P") -> P | C19: =IF('Coefficients (7.1.2)'!E13<0,"N","P") -> P | D19: =IF('Coefficients (7.1.2)'!E21<0,"N","P") -> P | E19: =IF('Coefficients (7.1.2)'!E29<0,"N","P") -> P | F19: =IF('Coefficients (7.1.2)'!E37<0,"N","P") -> P
B20: =IF('Coefficients (7.1.2)'!E6<0,"N","P") -> N | C20: =IF('Coefficients (7.1.2)'!E14<0,"N","P") -> N | D20: =IF('Coefficients (7.1.2)'!E22<0,"N","P") -> N | E20: =IF('Coefficients (7.1.2)'!E30<0,"N","P") -> P | F20: =IF('Coefficients (7.1.2)'!E38<0,"N","P") -> P
B21: =IF('Coefficients (7.1.2)'!E7<0,"N","P") -> P | C21: =IF('Coefficients (7.1.2)'!E15<0,"N","P") -> P | D21: =IF('Coefficients (7.1.2)'!E23<0,"N","P") -> P | E21: =IF('Coefficients (7.1.2)'!E31<0,"N","P") -> P | F21: =IF('Coefficients (7.1.2)'!E39<0,"N","P") -> P
B22: =IF('Coefficients (7.1.2)'!E8<0,"N","P") -> N | C22: =IF('Coefficients (7.1.2)'!E16<0,"N","P") -> N | D22: =IF('Coefficients (7.1.2)'!E24<0,"N","P") -> N | E22: =IF('Coefficients (7.1.2)'!E32<0,"N","P") -> N | F22: =IF('Coefficients (7.1.2)'!E40<0,"N","P") -> N
A23: RULE | B23: =IF('Coefficients (7.1.2)'!F4<0,"N","P") -> N | C23: =IF('Coefficients (7.1.2)'!F12<0,"N","P") -> P | D23: =IF('Coefficients (7.1.2)'!F20<0,"N","P") -> N | E23: =IF('Coefficients (7.1.2)'!F28<0,"N","P") -> P | F23: =IF('Coefficients (7.1.2)'!F36<0,"N","P") -> N
B24: =IF('Coefficients (7.1.2)'!F5<0,"N","P") -> P | C24: =IF('Coefficients (7.1.2)'!F13<0,"N","P") -> P | D24: =IF('Coefficients (7.1.2)'!F21<0,"N","P") -> P | E24: =IF('Coefficients (7.1.2)'!F29<0,"N","P") -> P | F24: =IF('Coefficients (7.1.2)'!F37<0,"N","P") -> P
B25: =IF('Coefficients (7.1.2)'!F6<0,"N","P") -> N | C25: =IF('Coefficients (7.1.2)'!F14<0,"N","P") -> P | D25: =IF('Coefficients (7.1.2)'!F22<0,"N","P") -> N | E25: =IF('Coefficients (7.1.2)'!F30<0,"N","P") -> N | F25: =IF('Coefficients (7.1.2)'!F38<0,"N","P") -> P
B26: =IF('Coefficients (7.1.2)'!F7<0,"N","P") -> P | C26: =IF('Coefficients (7.1.2)'!F15<0,"N","P") -> P | D26: =IF('Coefficients (7.1.2)'!F23<0,"N","P") -> P | E26: =IF('Coefficients (7.1.2)'!F31<0,"N","P") -> P | F26: =IF('Coefficients (7.1.2)'!F39<0,"N","P") -> P
B27: =IF('Coefficients (7.1.2)'!F8<0,"N","P") -> N | C27: =IF('Coefficients (7.1.2)'!F16<0,"N","P") -> N | D27: =IF('Coefficients (7.1.2)'!F24<0,"N","P") -> N | E27: =IF('Coefficients (7.1.2)'!F32<0,"N","P") -> N | F27: =IF('Coefficients (7.1.2)'!F40<0,"N","P") -> N
A28: VOICE | B28: =IF('Coefficients (7.1.2)'!G4<0,"N","P") -> N | C28: =IF('Coefficients (7.1.2)'!G12<0,"N","P") -> P | D28: =IF('Coefficients (7.1.2)'!G20<0,"N","P") -> P | E28: =IF('Coefficients (7.1.2)'!G28<0,"N","P") -> P | F28: =IF('Coefficients (7.1.2)'!G36<0,"N","P") -> N
B29: =IF('Coefficients (7.1.2)'!G5<0,"N","P") -> P | C29: =IF('Coefficients (7.1.2)'!G13<0,"N","P") -> P | D29: =IF('Coefficients (7.1.2)'!G21<0,"N","P") -> P | E29: =IF('Coefficients (7.1.2)'!G29<0,"N","P") -> P | F29: =IF('Coefficients (7.1.2)'!G37<0,"N","P") -> P
B30: =IF('Coefficients (7.1.2)'!G6<0,"N","P") -> P | C30: =IF('Coefficients (7.1.2)'!G14<0,"N","P") -> N | D30: =IF('Coefficients (7.1.2)'!G22<0,"N","P") -> P | E30: =IF('Coefficients (7.1.2)'!G30<0,"N","P") -> P | F30: =IF('Coefficients (7.1.2)'!G38<0,"N","P") -> P
B31: =IF('Coefficients (7.1.2)'!G7<0,"N","P") -> P | C31: =IF('Coefficients (7.1.2)'!G15<0,"N","P") -> P | D31: =IF('Coefficients (7.1.2)'!G23<0,"N","P") -> P | E31: =IF('Coefficients (7.1.2)'!G31<0,"N","P") -> P | F31: =IF('Coefficients (7.1.2)'!G39<0,"N","P") -> P
B32: =IF('Coefficients (7.1.2)'!G8<0,"N","P") -> N | C32: =IF('Coefficients (7.1.2)'!G16<0,"N","P") -> N | D32: =IF('Coefficients (7.1.2)'!G24<0,"N","P") -> N | E32: =IF('Coefficients (7.1.2)'!G32<0,"N","P") -> P | F32: =IF('Coefficients (7.1.2)'!G40<0,"N","P") -> N
B35: Negative Impact | C35: Positive Impact
A36: Renewable Electricity Generation | B36: =(COUNTIF(B3:F3,"N")+COUNTIF(B8:F8,"N")+COUNTIF(B13:F13,"N")+COUNTIF(B18:F18,"N")+COUNTIF(B23:F23,"N")+COUNTIF(B28:F28,"N"))/30 -> 0.43333333 | C36: =(COUNTIF(B3:F3,"P")+COUNTIF(B8:F8,"P")+COUNTIF(B13:F13,"P")+COUNTIF(B18:F18,"P")+COUNTIF(B23:F23,"P")+COUNTIF(B28:F28,"P"))/30 -> 0.56666667
A37: Financial Access | B37: =(COUNTIF(B4:F4,"N")+COUNTIF(B9:F9,"N")+COUNTIF(B14:F14,"N")+COUNTIF(B19:F19,"N")+COUNTIF(B24:F24,"N")+COUNTIF(B29:F29,"N"))/30 -> 0 | C37: =(COUNTIF(B4:F4,"P")+COUNTIF(B9:F9,"P")+COUNTIF(B14:F14,"P")+COUNTIF(B19:F19,"P")+COUNTIF(B24:F24,"P")+COUNTIF(B29:F29,"P"))/30 -> 1
A38: Policy Stringency | B38: =(COUNTIF(B5:F5,"N")+COUNTIF(B10:F10,"N")+COUNTIF(B15:F15,"N")+COUNTIF(B20:F20,"N")+COUNTIF(B25:F25,"N")+COUNTIF(B30:F30,"N"))/30 -> 0.53333333 | C38: =(COUNTIF(B5:F5,"P")+COUNTIF(B10:F10,"P")+COUNTIF(B15:F15,"P")+COUNTIF(B20:F20,"P")+COUNTIF(B25:F25,"P")+COUNTIF(B30:F30,"P"))/30 -> 0.46666667
A39: Per Capita Income | B39: =(COUNTIF(B6:F6,"N")+COUNTIF(B11:F11,"N")+COUNTIF(B16:F16,"N")+COUNTIF(B21:F21,"N")+COUNTIF(B26:F26,"N")+COUNTIF(B31:F31,"N"))/30 -> 0 | C39: =(COUNTIF(B6:F6,"P")+COUNTIF(B11:F11,"P")+COUNTIF(B16:F16,"P")+COUNTIF(B21:F21,"P")+COUNTIF(B26:F26,"P")+COUNTIF(B31:F31,"P"))/30 -> 1
A40: Urban Population Growth | B40: =(COUNTIF(B7:F7,"N")+COUNTIF(B12:F12,"N")+COUNTIF(B17:F17,"N")+COUNTIF(B22:F22,"N")+COUNTIF(B27:F27,"N")+COUNTIF(B32:F32,"N"))/30 -> 0.9 | C40: =(COUNTIF(B7:F7,"P")+COUNTIF(B12:F12,"P")+COUNTIF(B17:F17,"P")+COUNTIF(B22:F22,"P")+COUNTIF(B27:F27,"P")+COUNTIF(B32:F32,"P"))/30 -> 0.1

Sheet Marginal Impacts (7.1.1)
B1: 7.1.1
B2: EV | C2: FV | D2: HLV | E2: IV | F2: WV
A3: CORR | B3: =IF('Coefficients (7.1.1)'!B4<0,"N","P") -> N | C3: =IF('Coefficients (7.1.1)'!B12<0,"N","P") -> N | D3: =IF('Coefficients (7.1.1)'!B20<0,"N","P") -> N | E3: =IF('Coefficients (7.1.1)'!B28<0,"N","P") -> N | F3: =IF('Coefficients (7.1.1)'!B36<0,"N","P") -> N
B4: =IF('Coefficients (7.1.1)'!B5<0,"N","P") -> P | C4: =IF('Coefficients (7.1.1)'!B13<0,"N","P") -> P | D4: =IF('Coefficients (7.1.1)'!B21<0,"N","P") -> P | E4: =IF('Coefficients (7.1.1)'!B29<0,"N","P") -> P | F4: =IF('Coefficients (7.1.1)'!B37<0,"N","P") -> P
B5: =IF('Coefficients (7.1.1)'!B6<0,"N","P") -> N | C5: =IF('Coefficients (7.1.1)'!B14<0,"N","P") -> N | D5: =IF('Coefficients (7.1.1)'!B22<0,"N","P") -> N | E5: =IF('Coefficients (7.1.1)'!B30<0,"N","P") -> N | F5: =IF('Coefficients (7.1.1)'!B38<0,"N","P") -> N
B6: =IF('Coefficients (7.1.1)'!B7<0,"N","P") -> N | C6: =IF('Coefficients (7.1.1)'!B15<0,"N","P") -> P | D6: =IF('Coefficients (7.1.1)'!B23<0,"N","P") -> N | E6: =IF('Coefficients (7.1.1)'!B31<0,"N","P") -> P | F6: =IF('Coefficients (7.1.1)'!B39<0,"N","P") -> P
B7: =IF('Coefficients (7.1.1)'!B8<0,"N","P") -> P | C7: =IF('Coefficients (7.1.1)'!B16<0,"N","P") -> P | D7: =IF('Coefficients (7.1.1)'!B24<0,"N","P") -> N | E7: =IF('Coefficients (7.1.1)'!B32<0,"N","P") -> P | F7: =IF('Coefficients (7.1.1)'!B40<0,"N","P") -> P
A8: GOVEFF | B8: =IF('Coefficients (7.1.1)'!C4<0,"N","P") -> N | C8: =IF('Coefficients (7.1.1)'!C12<0,"N","P") -> N | D8: =IF('Coefficients (7.1.1)'!C20<0,"N","P") -> N | E8: =IF('Coefficients (7.1.1)'!C28<0,"N","P") -> N | F8: =IF('Coefficients (7.1.1)'!C36<0,"N","P") -> N
B9: =IF('Coefficients (7.1.1)'!C5<0,"N","P") -> P | C9: =IF('Coefficients (7.1.1)'!C13<0,"N","P") -> P | D9: =IF('Coefficients (7.1.1)'!C21<0,"N","P") -> P | E9: =IF('Coefficients (7.1.1)'!C29<0,"N","P") -> P | F9: =IF('Coefficients (7.1.1)'!C37<0,"N","P") -> P
B10: =IF('Coefficients (7.1.1)'!C6<0,"N","P") -> N | C10: =IF('Coefficients (7.1.1)'!C14<0,"N","P") -> N | D10: =IF('Coefficients (7.1.1)'!C22<0,"N","P") -> N | E10: =IF('Coefficients (7.1.1)'!C30<0,"N","P") -> N | F10: =IF('Coefficients (7.1.1)'!C38<0,"N","P") -> N
B11: =IF('Coefficients (7.1.1)'!C7<0,"N","P") -> P | C11: =IF('Coefficients (7.1.1)'!C15<0,"N","P") -> P | D11: =IF('Coefficients (7.1.1)'!C23<0,"N","P") -> N | E11: =IF('Coefficients (7.1.1)'!C31<0,"N","P") -> N | F11: =IF('Coefficients (7.1.1)'!C39<0,"N","P") -> P
B12: =IF('Coefficients (7.1.1)'!C8<0,"N","P") -> P | C12: =IF('Coefficients (7.1.1)'!C16<0,"N","P") -> P | D12: =IF('Coefficients (7.1.1)'!C24<0,"N","P") -> P | E12: =IF('Coefficients (7.1.1)'!C32<0,"N","P") -> P | F12: =IF('Coefficients (7.1.1)'!C40<0,"N","P") -> P
A13: POLST | B13: =IF('Coefficients (7.1.1)'!D4<0,"N","P") -> N | C13: =IF('Coefficients (7.1.1)'!D12<0,"N","P") -> N | D13: =IF('Coefficients (7.1.1)'!D20<0,"N","P") -> N | E13: =IF('Coefficients (7.1.1)'!D28<0,"N","P") -> N | F13: =IF('Coefficients (7.1.1)'!D36<0,"N","P") -> N
B14: =IF('Coefficients (7.1.1)'!D5<0,"N","P") -> P | C14: =IF('Coefficients (7.1.1)'!D13<0,"N","P") -> P | D14: =IF('Coefficients (7.1.1)'!D21<0,"N","P") -> P | E14: =IF('Coefficients (7.1.1)'!D29<0,"N","P") -> P | F14: =IF('Coefficients (7.1.1)'!D37<0,"N","P") -> P
B15: =IF('Coefficients (7.1.1)'!D6<0,"N","P") -> N | C15: =IF('Coefficients (7.1.1)'!D14<0,"N","P") -> N | D15: =IF('Coefficients (7.1.1)'!D22<0,"N","P") -> N | E15: =IF('Coefficients (7.1.1)'!D30<0,"N","P") -> N | F15: =IF('Coefficients (7.1.1)'!D38<0,"N","P") -> N
B16: =IF('Coefficients (7.1.1)'!D7<0,"N","P") -> P | C16: =IF('Coefficients (7.1.1)'!D15<0,"N","P") -> N | D16: =IF('Coefficients (7.1.1)'!D23<0,"N","P") -> P | E16: =IF('Coefficients (7.1.1)'!D31<0,"N","P") -> P | F16: =IF('Coefficients (7.1.1)'!D39<0,"N","P") -> P
B17: =IF('Coefficients (7.1.1)'!D8<0,"N","P") -> P | C17: =IF('Coefficients (7.1.1)'!D16<0,"N","P") -> P | D17: =IF('Coefficients (7.1.1)'!D24<0,"N","P") -> P | E17: =IF('Coefficients (7.1.1)'!D32<0,"N","P") -> P | F17: =IF('Coefficients (7.1.1)'!D40<0,"N","P") -> P
A18: REG | B18: =IF('Coefficients (7.1.1)'!E4<0,"N","P") -> P | C18: =IF('Coefficients (7.1.1)'!E12<0,"N","P") -> N | D18: =IF('Coefficients (7.1.1)'!E20<0,"N","P") -> N | E18: =IF('Coefficients (7.1.1)'!E28<0,"N","P") -> N | F18: =IF('Coefficients (7.1.1)'!E36<0,"N","P") -> N
B19: =IF('Coefficients (7.1.1)'!E5<0,"N","P") -> P | C19: =IF('Coefficients (7.1.1)'!E13<0,"N","P") -> P | D19: =IF('Coefficients (7.1.1)'!E21<0,"N","P") -> P | E19: =IF('Coefficients (7.1.1)'!E29<0,"N","P") -> P | F19: =IF('Coefficients (7.1.1)'!E37<0,"N","P") -> P
B20: =IF('Coefficients (7.1.1)'!E6<0,"N","P") -> N | C20: =IF('Coefficients (7.1.1)'!E14<0,"N","P") -> N | D20: =IF('Coefficients (7.1.1)'!E22<0,"N","P") -> N | E20: =IF('Coefficients (7.1.1)'!E30<0,"N","P") -> N | F20: =IF('Coefficients (7.1.1)'!E38<0,"N","P") -> N
B21: =IF('Coefficients (7.1.1)'!E7<0,"N","P") -> P | C21: =IF('Coefficients (7.1.1)'!E15<0,"N","P") -> P | D21: =IF('Coefficients (7.1.1)'!E23<0,"N","P") -> P | E21: =IF('Coefficients (7.1.1)'!E31<0,"N","P") -> P | F21: =IF('Coefficients (7.1.1)'!E39<0,"N","P") -> P
B22: =IF('Coefficients (7.1.1)'!E8<0,"N","P") -> P | C22: =IF('Coefficients (7.1.1)'!E16<0,"N","P") -> P | D22: =IF('Coefficients (7.1.1)'!E24<0,"N","P") -> P | E22: =IF('Coefficients (7.1.1)'!E32<0,"N","P") -> P | F22: =IF('Coefficients (7.1.1)'!E40<0,"N","P") -> P
A23: RULE | B23: =IF('Coefficients (7.1.1)'!F4<0,"N","P") -> N | C23: =IF('Coefficients (7.1.1)'!F12<0,"N","P") -> N | D23: =IF('Coefficients (7.1.1)'!F20<0,"N","P") -> N | E23: =IF('Coefficients (7.1.1)'!F28<0,"N","P") -> N | F23: =IF('Coefficients (7.1.1)'!F36<0,"N","P") -> N
B24: =IF('Coefficients (7.1.1)'!F5<0,"N","P") -> P | C24: =IF('Coefficients (7.1.1)'!F13<0,"N","P") -> P | D24: =IF('Coefficients (7.1.1)'!F21<0,"N","P") -> P | E24: =IF('Coefficients (7.1.1)'!F29<0,"N","P") -> P | F24: =IF('Coefficients (7.1.1)'!F37<0,"N","P") -> P
B25: =IF('Coefficients (7.1.1)'!F6<0,"N","P") -> N | C25: =IF('Coefficients (7.1.1)'!F14<0,"N","P") -> N | D25: =IF('Coefficients (7.1.1)'!F22<0,"N","P") -> N | E25: =IF('Coefficients (7.1.1)'!F30<0,"N","P") -> N | F25: =IF('Coefficients (7.1.1)'!F38<0,"N","P") -> N
B26: =IF('Coefficients (7.1.1)'!F7<0,"N","P") -> P | C26: =IF('Coefficients (7.1.1)'!F15<0,"N","P") -> P | D26: =IF('Coefficients (7.1.1)'!F23<0,"N","P") -> P | E26: =IF('Coefficients (7.1.1)'!F31<0,"N","P") -> P | F26: =IF('Coefficients (7.1.1)'!F39<0,"N","P") -> P
B27: =IF('Coefficients (7.1.1)'!F8<0,"N","P") -> N | C27: =IF('Coefficients (7.1.1)'!F16<0,"N","P") -> P | D27: =IF('Coefficients (7.1.1)'!F24<0,"N","P") -> P | E27: =IF('Coefficients (7.1.1)'!F32<0,"N","P") -> P | F27: =IF('Coefficients (7.1.1)'!F40<0,"N","P") -> P
A28: VOICE | B28: =IF('Coefficients (7.1.1)'!G4<0,"N","P") -> P | C28: =IF('Coefficients (7.1.1)'!G12<0,"N","P") -> N | D28: =IF('Coefficients (7.1.1)'!G20<0,"N","P") -> P | E28: =IF('Coefficients (7.1.1)'!G28<0,"N","P") -> N | F28: =IF('Coefficients (7.1.1)'!G36<0,"N","P") -> N
B29: =IF('Coefficients (7.1.1)'!G5<0,"N","P") -> P | C29: =IF('Coefficients (7.1.1)'!G13<0,"N","P") -> P | D29: =IF('Coefficients (7.1.1)'!G21<0,"N","P") -> P | E29: =IF('Coefficients (7.1.1)'!G29<0,"N","P") -> P | F29: =IF('Coefficients (7.1.1)'!G37<0,"N","P") -> P
B30: =IF('Coefficients (7.1.1)'!G6<0,"N","P") -> N | C30: =IF('Coefficients (7.1.1)'!G14<0,"N","P") -> N | D30: =IF('Coefficients (7.1.1)'!G22<0,"N","P") -> P | E30: =IF('Coefficients (7.1.1)'!G30<0,"N","P") -> N | F30: =IF('Coefficients (7.1.1)'!G38<0,"N","P") -> N
B31: =IF('Coefficients (7.1.1)'!G7<0,"N","P") -> P | C31: =IF('Coefficients (7.1.1)'!G15<0,"N","P") -> P | D31: =IF('Coefficients (7.1.1)'!G23<0,"N","P") -> P | E31: =IF('Coefficients (7.1.1)'!G31<0,"N","P") -> P | F31: =IF('Coefficients (7.1.1)'!G39<0,"N","P") -> P
B32: =IF('Coefficients (7.1.1)'!G8<0,"N","P") -> P | C32: =IF('Coefficients (7.1.1)'!G16<0,"N","P") -> P | D32: =IF('Coefficients (7.1.1)'!G24<0,"N","P") -> P | E32: =IF('Coefficients (7.1.1)'!G32<0,"N","P") -> P | F32: =IF('Coefficients (7.1.1)'!G40<0,"N","P") -> P
B35: Negative Impact | C35: Positive Impact
A36: Electricity Generation | B36: =(COUNTIF(B3:F3,"N")+COUNTIF(B8:F8,"N")+COUNTIF(B13:F13,"N")+COUNTIF(B18:F18,"N")+COUNTIF(B23:F23,"N")+COUNTIF(B28:F28,"N"))/30 -> 0.9 | C36: =(COUNTIF(B3:F3,"P")+COUNTIF(B8:F8,"P")+COUNTIF(B13:F13,"P")+COUNTIF(B18:F18,"P")+COUNTIF(B23:F23,"P")+COUNTIF(B28:F28,"P"))/30 -> 0.1
A37: Financial Access | B37: =(COUNTIF(B4:F4,"N")+COUNTIF(B9:F9,"N")+COUNTIF(B14:F14,"N")+COUNTIF(B19:F19,"N")+COUNTIF(B24:F24,"N")+COUNTIF(B29:F29,"N"))/30 -> 0 | C37: =(COUNTIF(B4:F4,"P")+COUNTIF(B9:F9,"P")+COUNTIF(B14:F14,"P")+COUNTIF(B19:F19,"P")+COUNTIF(B24:F24,"P")+COUNTIF(B29:F29,"P"))/30 -> 1
A38: Rural Population Growth | B38: =(COUNTIF(B5:F5,"N")+COUNTIF(B10:F10,"N")+COUNTIF(B15:F15,"N")+COUNTIF(B20:F20,"N")+COUNTIF(B25:F25,"N")+COUNTIF(B30:F30,"N"))/30 -> 0.96666667 | C38: =(COUNTIF(B5:F5,"P")+COUNTIF(B10:F10,"P")+COUNTIF(B15:F15,"P")+COUNTIF(B20:F20,"P")+COUNTIF(B25:F25,"P")+COUNTIF(B30:F30,"P"))/30 -> 0.033333333
A39: Income Inequality | B39: =(COUNTIF(B6:F6,"N")+COUNTIF(B11:F11,"N")+COUNTIF(B16:F16,"N")+COUNTIF(B21:F21,"N")+COUNTIF(B26:F26,"N")+COUNTIF(B31:F31,"N"))/30 -> 0.16666667 | C39: =(COUNTIF(B6:F6,"P")+COUNTIF(B11:F11,"P")+COUNTIF(B16:F16,"P")+COUNTIF(B21:F21,"P")+COUNTIF(B26:F26,"P")+COUNTIF(B31:F31,"P"))/30 -> 0.83333333
A40: Health Expenditure | B40: =(COUNTIF(B7:F7,"N")+COUNTIF(B12:F12,"N")+COUNTIF(B17:F17,"N")+COUNTIF(B22:F22,"N")+COUNTIF(B27:F27,"N")+COUNTIF(B32:F32,"N"))/30 -> 0.066666667 | C40: =(COUNTIF(B7:F7,"P")+COUNTIF(B12:F12,"P")+COUNTIF(B17:F17,"P")+COUNTIF(B22:F22,"P")+COUNTIF(B27:F27,"P")+COUNTIF(B32:F32,"P"))/30 -> 0.93333333

Sheet Coefficients (7.3.1)
B1: 7.3.1
B2: Ecosystem Vulnerability
B3: CORR | C3: GOVEFF | D3: POLST | E3: REG | F3: RULE | G3: VOICE
A4: Policy Stringency | B4: 0.0288 | C4: -0.0113 | D4: 0.0354 | E4: -0.0101 | F4: 0.003 | G4: -0.0293
A5: Environmental Innovation | B5: 0.046 | C5: -0.0615 | D5: -0.0476 | E5: 0.0117 | F5: 0.0404 | G5: 0.0128
A6: Foreign Direct Investment | B6: -0.0087 | C6: -0.0682 | D6: -0.059 | E6: -0.0442 | F6: -0.0977 | G6: -0.0117
A7: Industrial Share | B7: 1.2784 | C7: 0.8435 | D7: 1.1348 | E7: 0.9112 | F7: 0.7839 | G7: 0.8026
A8: Energy Demand | B8: -0.2552 | C8: 0.0258 | D8: -0.0462 | E8: -0.093 | F8: -0.0434 | G8: -0.1964
B10: Food Vulnerability
B11: CORR | C11: GOVEFF | D11: POLST | E11: REG | F11: RULE | G11: VOICE
A12: Policy Stringency | B12: -0.0061 | C12: -0.0433 | D12: -0.0211 | E12: -0.0321 | F12: -0.0329 | G12: -0.0154
A13: Environmental Innovation | B13: 0.0226 | C13: -0.0538 | D13: -0.079 | E13: -0.0586 | F13: -0.0449 | G13: 0.0177
A14: Financial Development | B14: -0.0184 | C14: -0.1033 | D14: -0.0823 | E14: -0.062 | F14: -0.0639 | G14: -0.0002
A15: Net Energy Import | B15: 1.2775 | C15: 0.779 | D15: 1.1427 | E15: 0.9755 | F15: 0.6792 | G15: 0.757
A16: Low Carbon Trade | B16: -0.2788 | C16: -0.0537 | D16: -0.0765 | E16: -0.0866 | F16: -0.0701 | G16: -0.274
B18: Health Vulnerability
B19: CORR | C19: GOVEFF | D19: POLST | E19: REG | F19: RULE | G19: VOICE
A20: Policy Stringency | B20: 0.0114 | C20: -0.0541 | D20: -0.0125 | E20: -0.0505 | F20: -0.0365 | G20: -0.0279
A21: Environmental Innovation | B21: -0.0182 | C21: -0.0996 | D21: -0.1064 | E21: -0.0698 | F21: -0.0444 | G21: -0.0289
A22: Financial Development | B22: -0.0524 | C22: -0.0926 | D22: -0.0717 | E22: -0.069 | F22: -0.1939 | G22: -0.0201
A23: Net Energy Import | B23: 1.3091 | C23: 0.8585 | D23: 1.2722 | E23: 0.998 | F23: 0.921 | G23: 0.6714
A24: Low Carbon Trade | B24: -0.2055 | C24: 0.0435 | D24: -0.0146 | E24: -0.0307 | F24: -0.0601 | G24: -0.1224
B26: Infrastructure Vulnerability
B27: CORR | C27: GOVEFF | D27: POLST | E27: REG | F27: RULE | G27: VOICE
A28: Policy Stringency | B28: -0.0008 | C28: -0.0198 | D28: -0.006 | E28: -0.0046 | F28: -0.0515 | G28: -0.044
A29: Environmental Innovation | B29: -0.0133 | C29: -0.0677 | D29: -0.0606 | E29: -0.0074 | F29: 0.0224 | G29: -0.006
A30: Financial Development | B30: -0.0502 | C30: -0.1486 | D30: -0.0223 | E30: -0.0788 | F30: -0.1386 | G30: -0.0018
A31: Net Energy Import | B31: 1.1651 | C31: 0.8975 | D31: 1.2399 | E31: 1.1062 | F31: 0.8679 | G31: 1.0728
A32: Low Carbon Trade | B32: -0.1167 | C32: 0.0288 | D32: -0.0556 | E32: -0.098 | F32: -0.1049 | G32: -0.1492
B34: Water Vulnerability
B35: CORR | C35: GOVEFF | D35: POLST | E35: REG | F35: RULE | G35: VOICE
A36: Policy Stringency | B36: -0.0021 | C36: -0.0117 | D36: -0.0014 | E36: -0.028 | F36: -0.0119 | G36: -0.036
A37: Environmental Innovation | B37: 0.0394 | C37: -0.0943 | D37: -0.0119 | E37: -0.0239 | F37: 0.0269 | G37: -0.0157
A38: Foreign Direct Investment | B38: 0.004 | C38: -0.0378 | D38: -0.0014 | E38: -0.085 | F38: -0.0728 | G38: -0.0251
A39: Industrial Share | B39: 1.2262 | C39: 0.8978 | D39: 1.128 | E39: 1.0069 | F39: 0.8574 | G39: 0.9173
A40: Energy Demand | B40: -0.2145 | C40: 0.0662 | D40: -0.0848 | E40: -0.0476 | F40: -0.1053 | G40: -0.1022

Sheet Coefficients (7.2.1)
B1: 7.2.1
B2: Ecosystem Vulnerability
B3: CORR | C3: GOVEFF | D3: POLST | E3: REG | F3: RULE | G3: VOICE
A4: Policy Stringency | B4: 0.1508 | C4: 0.1879 | D4: 0.2244 | E4: 0.3798 | F4: 0.269 | G4: 0.1172
A5: Environmental Innovation | B5: -0.4175 | C5: -0.1943 | D5: -0.3242 | E5: -0.3772 | F5: 0.1683 | G5: 0.033
A6: Financial Development | B6: 0.6367 | C6: -1.2751 | D6: -0.3606 | E6: -0.3878 | F6: 0.1747 | G6: 1.2891
A7: Net Energy Import | B7: 8.4105 | C7: 6.9722 | D7: 7.9337 | E7: 6.9918 | F7: 4.6547 | G7: 9.1907
A8: Low Carbon Trade | B8: -0.4986 | C8: -0.4389 | D8: -0.2055 | E8: -0.2894 | F8: -0.4412 | G8: -0.9236
B10: Food Vulnerability
B11: CORR | C11: GOVEFF | D11: POLST | E11: REG | F11: RULE | G11: VOICE
A12: Policy Stringency | B12: 0.2326 | C12: 0.3755 | D12: 0.1594 | E12: 0.1861 | F12: -0.0354 | G12: -0.0028
A13: Environmental Innovation | B13: -0.16 | C13: 0.0984 | D13: -0.5677 | E13: -0.3523 | F13: 0.0825 | G13: -0.347
A14: Financial Development | B14: 4.126 | C14: 3.8401 | D14: 3.8039 | E14: 3.5066 | F14: 2.8383 | G14: 3.6353
A15: Net Energy Import | B15: 4.3197 | C15: 1.7517 | D15: 6.1407 | E15: 5.08 | F15: 3.7958 | G15: 7.9793
A16: Low Carbon Trade | B16: -0.5503 | C16: -0.2888 | D16: -0.3613 | E16: -0.376 | F16: -0.2319 | G16: -0.8111
B18: Health Vulnerability
B19: CORR | C19: GOVEFF | D19: POLST | E19: REG | F19: RULE | G19: VOICE
A20: Policy Stringency | B20: 0.0917 | C20: 0.3017 | D20: -0.0199 | E20: 0.3124 | F20: -0.1721 | G20: -0.1054
A21: Environmental Innovation | B21: -0.1608 | C21: -0.0618 | D21: -0.3425 | E21: -0.0998 | F21: 0.0241 | G21: -0.3247
A22: Financial Development | B22: 5.4568 | C22: 5.097 | D22: 3.8289 | E22: 4.666 | F22: 3.9809 | G22: 4.9301
A23: Net Energy Import | B23: 5.5978 | C23: 3.0212 | D23: 6.8303 | E23: 3.0583 | F23: 4.5356 | G23: 5.8609
A24: Low Carbon Trade | B24: -0.5274 | C24: -0.4177 | D24: -0.0489 | E24: -0.1844 | F24: -0.0395 | G24: -0.6166
B26: Infrastructure Vulnerability
B27: CORR | C27: GOVEFF | D27: POLST | E27: REG | F27: RULE | G27: VOICE
A28: Policy Stringency | B28: 0.2606 | C28: 0.4452 | D28: 0.2703 | E28: 0.6498 | F28: 0.2774 | G28: 0.5658
A29: Environmental Innovation | B29: -0.3512 | C29: -0.191 | D29: -0.2975 | E29: -0.2714 | F29: -0.4477 | G29: -0.1513
A30: Financial Development | B30: 5.2775 | C30: 3.6117 | D30: 3.4876 | E30: 2.9357 | F30: 3.1147 | G30: 7.491
A31: Net Energy Import | B31: 3.736 | C31: 2.8246 | D31: 3.6769 | E31: 0.0377 | F31: 4.0658 | G31: 3.8645
A32: Low Carbon Trade | B32: -0.3455 | C32: -0.2555 | D32: -0.3002 | E32: -0.0965 | F32: -0.0727 | G32: -0.7328
B34: Water Vulnerability
B35: CORR | C35: GOVEFF | D35: POLST | E35: REG | F35: RULE | G35: VOICE
A36: Policy Stringency | B36: 0.3392 | C36: 0.3093 | D36: 0.311 | E36: 0.4005 | F36: 0.1441 | G36: 0.0981
A37: Environmental Innovation | B37: -0.3656 | C37: 0.0239 | D37: -0.1477 | E37: -0.2522 | F37: -0.0176 | G37: 0.0662
A38: Financial Development | B38: 6.291 | C38: 4.0438 | D38: 3.3972 | E38: 3.7924 | F38: 4.2155 | G38: 4.1017
A39: Net Energy Import | B39: 5.362 | C39: 1.9483 | D39: 3.8133 | E39: 2.0299 | F39: 2.6004 | G39: 6.7376
A40: Low Carbon Trade | B40: -0.8051 | C40: -0.3621 | D40: -0.4212 | E40: -0.2416 | F40: -0.2392 | G40: -1.0958

Sheet Coefficients (7.1.2)
B1: 7.1.2
B2: Ecosystem Vulnerability
B3: CORR | C3: GOVEFF | D3: POLST | E3: REG | F3: RULE | G3: VOICE
A4: Renewable Electricity Generation | B4: -0.0124 | C4: 0.0014 | D4: 0.003 | E4: -0.0006 | F4: -0.0166 | G4: -0.0374
A5: Financial Access | B5: 0.3909 | C5: 0.519 | D5: 0.3067 | E5: 0.4464 | F5: 0.3876 | G5: 0.3597
A6: Policy Stringency | B6: -0.0337 | C6: -0.0318 | D6: -0.0228 | E6: -0.0333 | F6: -0.023 | G6: 0.0074
A7: Per Capita Income | B7: 0.0658 | C7: 0.2414 | D7: 0.1433 | E7: 0.0806 | F7: 0.2295 | G7: 0.3238
A8: Urban Population Growth | B8: -0.0245 | C8: 0.0007 | D8: -0.0255 | E8: -0.0468 | F8: -0.0122 | G8: -0.03
B10: Food Vulnerability
B11: CORR | C11: GOVEFF | D11: POLST | E11: REG | F11: RULE | G11: VOICE
A12: Renewable Electricity Generation | B12: 0.003 | C12: 0.0382 | D12: 0.0149 | E12: 0.0355 | F12: 0.0101 | G12: 0.0315
A13: Financial Access | B13: 0.7395 | C13: 0.7745 | D13: 0.8349 | E13: 0.7627 | F13: 0.8256 | G13: 0.6176
A14: Policy Stringency | B14: 0.015 | C14: -0.0376 | D14: -0.0066 | E14: -0.0134 | F14: 0.0093 | G14: -0.0067
A15: Per Capita Income | B15: 0.1658 | C15: 0.2983 | D15: 0.241 | E15: 0.2932 | F15: 0.173 | G15: 0.2878
A16: Urban Population Growth | B16: -0.0666 | C16: -0.0475 | D16: -0.0343 | E16: -0.0514 | F16: -0.0514 | G16: -0.0069
B18: Health Vulnerability
B19: CORR | C19: GOVEFF | D19: POLST | E19: REG | F19: RULE | G19: VOICE
A20: Renewable Electricity Generation | B20: -0.0296 | C20: -0.0279 | D20: 0.0102 | E20: -0.0077 | F20: -0.0117 | G20: 0.0088
A21: Financial Access | B21: 0.5142 | C21: 0.5419 | D21: 0.5749 | E21: 0.4059 | F21: 0.6265 | G21: 0.3739
A22: Policy Stringency | B22: 0.0121 | C22: -0.0049 | D22: -0.0085 | E22: -0.0017 | F22: -0.0125 | G22: 0.0242
A23: Per Capita Income | B23: 0.1044 | C23: 0.1497 | D23: 0.1383 | E23: 0.2076 | F23: 0.2316 | G23: 0.356
A24: Urban Population Growth | B24: -0.0382 | C24: -0.016 | D24: -0.0284 | E24: -0.044 | F24: -0.0103 | G24: -0.03
B26: Infrastructure Vulnerability
B27: CORR | C27: GOVEFF | D27: POLST | E27: REG | F27: RULE | G27: VOICE
A28: Renewable Electricity Generation | B28: 0.0178 | C28: -0.0084 | D28: 0.0705 | E28: 0.0057 | F28: 0.0432 | G28: 0.0099
A29: Financial Access | B29: 0.3016 | C29: 0.3387 | D29: 0.2626 | E29: 0.2348 | F29: 0.3772 | G29: 0.2981
A30: Policy Stringency | B30: -0.011 | C30: 0.0018 | D30: 0.0002 | E30: 0.0006 | F30: -0.009 | G30: 0.0138
A31: Per Capita Income | B31: 0.2489 | C31: 0.1994 | D31: 0.201 | E31: 0.3394 | F31: 0.2219 | G31: 0.3655
A32: Urban Population Growth | B32: -0.0362 | C32: -0.025 | D32: -0.0111 | E32: -0.0151 | F32: -0.0181 | G32: 0.0106
B34: Water Vulnerability
B35: CORR | C35: GOVEFF | D35: POLST | E35: REG | F35: RULE | G35: VOICE
A36: Electricity Generation | B36: -0.0124 | C36: -0.015 | D36: 0.0041 | E36: 0.0033 | F36: -0.0324 | G36: -0.0669
A37: Financial Access | B37: 0.0122 | C37: 0.1333 | D37: 0.2044 | E37: 0.0664 | F37: 0.0922 | G37: 0.258
A38: Rural Population Growth | B38: 0.031 | C38: -0.0074 | D38: 0.0095 | E38: 0.0129 | F38: 0.0321 | G38: 0.0108
A39: Income Inequality | B39: 0.1909 | C39: 0.3197 | D39: 0.2546 | E39: 0.2204 | F39: 0.3018 | G39: 0.3693
A40: Health Expenditure | B40: -0.0238 | C40: -0.006 | D40: 0.0011 | E40: -0.0283 | F40: -0.0227 | G40: -0.0084

Sheet Coefficients (7.1.1)
B1: 7.1.1
B2: Ecosystem Vulnerability
B3: CORR | C3: GOVEFF | D3: POLST | E3: REG | F3: RULE | G3: VOICE
A4: Electricity Generation | B4: -0.0317 | C4: -0.0339 | D4: -0.0078 | E4: 0.0061 | F4: -0.0594 | G4: 0.0013
A5: Financial Access | B5: 0.0626 | C5: 0.27 | D5: 0.1756 | E5: 0.0081 | F5: 0.2151 | G5: 0.3841
A6: Rural Population Growth | B6: -0.0492 | C6: -0.082 | D6: -0.0431 | E6: -0.0372 | F6: -0.0595 | G6: -0.0399
A7: Income Inequality | B7: -0.0742 | C7: 0.2721 | D7: 0.1372 | E7: 0.0761 | F7: 0.3292 | G7: 0.4146
A8: Health Expenditure | B8: 0.0005 | C8: 0.0026 | D8: 0.0021 | E8: 0.0019 | F8: -0.0003 | G8: 0.0014
B10: Food Vulnerability
B11: CORR | C11: GOVEFF | D11: POLST | E11: REG | F11: RULE | G11: VOICE
A12: Electricity Generation | B12: -0.0549 | C12: -0.0284 | D12: -0.1662 | E12: -0.0951 | F12: -0.0514 | G12: -0.0781
A13: Financial Access | B13: 0.3701 | C13: 0.3679 | D13: 0.4999 | E13: 0.4356 | F13: 0.6122 | G13: 0.4129
A14: Rural Population Growth | B14: -0.0487 | C14: -0.0305 | D14: -0.1418 | E14: -0.0554 | F14: -0.0599 | G14: -0.0557
A15: Income Inequality | B15: 0.2325 | C15: 0.1282 | D15: -0.0606 | E15: 0.4216 | F15: 0.2421 | G15: 0.4463
A16: Health Expenditure | B16: 0.0019 | C16: 0.0029 | D16: 0.001 | E16: 0.0035 | F16: 0.0027 | G16: 0.0009
B18: Health Vulnerability
B19: CORR | C19: GOVEFF | D19: POLST | E19: REG | F19: RULE | G19: VOICE
A20: Electricity Generation | B20: -0.0733 | C20: -0.0048 | D20: -0.0776 | E20: -0.0716 | F20: -0.0404 | G20: 0.0383
A21: Financial Access | B21: 0.1906 | C21: 0.1415 | D21: 0.3624 | E21: 0.1615 | F21: 0.2418 | G21: 0.0923
A22: Rural Population Growth | B22: -0.0271 | C22: -0.0047 | D22: -0.1038 | E22: -0.0299 | F22: -0.0201 | G22: 0.0128
A23: Income Inequality | B23: -0.1083 | C23: -0.2203 | D23: 0.2361 | E23: 0.4551 | F23: 0.513 | G23: 0.6909
A24: Health Expenditure | B24: -0.0005 | C24: 0.0022 | D24: 0.0029 | E24: 0.0035 | F24: 0.0033 | G24: 0.003
B26: Infrastructure Vulnerability
B27: CORR | C27: GOVEFF | D27: POLST | E27: REG | F27: RULE | G27: VOICE
A28: Electricity Generation | B28: -0.0258 | C28: -0.0224 | D28: -0.1551 | E28: -0.0487 | F28: -0.0899 | G28: -0.1452
A29: Financial Access | B29: 0.0546 | C29: 0.0681 | D29: 0.2594 | E29: 0.0831 | F29: 0.1532 | G29: 0.1842
A30: Rural Population Growth | B30: -0.0164 | C30: -0.019 | D30: -0.085 | E30: -0.0255 | F30: -0.0562 | G30: -0.0224
A31: Income Inequality | B31: 0.0765 | C31: -0.1388 | D31: 0.2405 | E31: 0.2395 | F31: 0.3036 | G31: 0.6298
A32: Health Expenditure | B32: 0.0008 | C32: 0.0016 | D32: 0.0018 | E32: 0.0023 | F32: 0.0027 | G32: 0.0022
B34: Water Vulnerability
B35: CORR | C35: GOVEFF | D35: POLST | E35: REG | F35: RULE | G35: VOICE
A36: Electricity Generation | B36: -0.091 | C36: -0.0106 | D36: -0.0715 | E36: -0.0337 | F36: -0.0875 | G36: -0.042
A37: Financial Access | B37: 0.1045 | C37: 0.1901 | D37: 0.2856 | E37: 0.1985 | F37: 0.333 | G37: 0.467
A38: Rural Population Growth | B38: -0.0418 | C38: -0.0461 | D38: -0.0797 | E38: -0.0642 | F38: -0.0536 | G38: -0.0504
A39: Income Inequality | B39: 0.2163 | C39: 0.3056 | D39: 0.6183 | E39: 0.6098 | F39: 0.4758 | G39: 0.3718
A40: Health Expenditure | B40: 0.0007 | C40: 0.0021 | D40: 0.0032 | E40: 0.004 | F40: 0.0009 | G40: 0.0019

Sheet Means
A1: Year | B1: 2000 | C1: 2001 | D1: 2002 | E1: 2003 | F1: 2004 | G1: 2005 | H1: 2006 | I1: 2007 | J1: 2008 | K1: 2009 | L1: 2010 | M1: 2011 | N1: 2012 | O1: 2013 | P1: 2014 | Q1: 2015 | R1: 2016 | S1: 2017 | T1: 2018 | U1: 2019 | V1: 2020 | W1: 2021 | X1: 2022
A2: EV | B2: 0.51229624 | C2: 0.50620816 | D2: 0.50011987 | E2: 0.49403179 | F2: 0.4879437 | G2: 0.48185542 | H2: 0.48185542 | I2: 0.48185542 | J2: 0.48220958 | K2: 0.48229926 | L2: 0.48143854 | M2: 0.48160879 | N2: 0.48118736 | O2: 0.48186342 | P2: 0.47963411 | Q2: 0.4784066 | R2: 0.47975711 | S2: 0.47947558 | T2: 0.47919405 | U2: 0.47956541 | V2: 0.47993677 | W2: 0.4815152 | X2: 0.4796856
A3: FV | B3: 0.45945808 | C3: 0.45937331 | D3: 0.46010658 | E3: 0.45885747 | F3: 0.4547955 | G3: 0.45255953 | H3: 0.45019902 | I3: 0.44784347 | J3: 0.44566081 | K3: 0.44768654 | L3: 0.44276867 | M3: 0.43878233 | N3: 0.4371869 | O3: 0.43527625 | P3: 0.43342056 | Q3: 0.4426457 | R3: 0.43875176 | S3: 0.43494315 | T3: 0.43306515 | U3: 0.43297851 | V3: 0.434884 | W3: 0.4318105 | X3: 0.43531242
A4: HELV | B4: 0.49663431 | C4: 0.49573982 | D4: 0.49352418 | E4: 0.49598009 | F4: 0.49368799 | G4: 0.49862627 | H4: 0.4876185 | I4: 0.4859521 | J4: 0.48460164 | K4: 0.48034653 | L4: 0.47660042 | M4: 0.47301943 | N4: 0.46888001 | O4: 0.46035707 | P4: 0.44905447 | Q4: 0.44365312 | R4: 0.44101508 | S4: 0.4342203 | T4: 0.42968549 | U4: 0.4294524 | V4: 0.42863947 | W4: 0.42863947 | X4: 0.43554498
A5: IV | B5: 0.16423436 | C5: 0.16368952 | D5: 0.1574527 | E5: 0.15540069 | F5: 0.1564512 | G5: 0.15461943 | H5: 0.15447824 | I5: 0.15382009 | J5: 0.15382672 | K5: 0.15244582 | L5: 0.15346853 | M5: 0.16816449 | N5: 0.1649185 | O5: 0.16619016 | P5: 0.16568924 | Q5: 0.16435179 | R5: 0.1616548 | S5: 0.16037533 | T5: 0.15951853 | U5: 0.15945233 | V5: 0.15863875 | W5: 0.15863875 | X5: 0.16103994
A6: WV | B6: 0.35126725 | C6: 0.35185086 | D6: 0.35265234 | E6: 0.35359897 | F6: 0.35343742 | G6: 0.35381637 | H6: 0.35402576 | I6: 0.35464583 | J6: 0.35526435 | K6: 0.35571294 | L6: 0.35638747 | M6: 0.35678352 | N6: 0.35713058 | O6: 0.35530414 | P6: 0.35701094 | Q6: 0.35868564 | R6: 0.35924731 | S6: 0.35936423 | T6: 0.35957337 | U6: 0.35999279 | V6: 0.35984677 | W6: 0.35984677 | X6: 0.35919598
A7: CORR | B7: -0.19835121 | C7: -0.26450405 | D7: -0.33065689 | E7: -0.25377958 | F7: -0.29373597 | G7: -0.29961207 | H7: -0.29530134 | I7: -0.38016442 | J7: -0.36667363 | K7: -0.41354574 | L7: -0.40475596 | M7: -0.39315831 | N7: -0.4469681 | O7: -0.42575872 | P7: -0.44074461 | Q7: -0.41700903 | R7: -0.35051099 | S7: -0.41307923 | T7: -0.37741579 | U7: -0.34742965 | V7: -0.32901067 | W7: -0.31947041 | X7: -0.28659432
A8: GOVEFF | B8: -0.066131239 | C8: -0.044578547 | D8: -0.023025855 | E8: -0.024696197 | F8: -0.065108028 | G8: -0.07407303 | H8: -0.12259393 | I8: -0.025535384 | J8: -0.017961197 | K8: -0.053196617 | L8: -0.078939975 | M8: -0.090503167 | N8: -0.13804678 | O8: -0.089677212 | P8: -0.016720968 | Q8: 0.027327999 | R8: 0.018897566 | S8: 0.032444191 | T8: 0.076546022 | U8: 0.14912773 | V8: 0.13287326 | W8: 0.093840189 | X8: 0.15070205
A9: POLST | B9: -0.53082597 | C9: -0.48439239 | D9: -0.43795881 | E9: -0.71542708 | F9: -0.71868608 | G9: -0.64176207 | H9: -0.55237795 | I9: -0.53216672 | J9: -0.52332508 | K9: -0.54561684 | L9: -0.576091 | M9: -0.60713123 | N9: -0.52504593 | O9: -0.56278111 | P9: -0.53615851 | Q9: -0.61451483 | R9: -0.58363091 | S9: -0.47757535 | T9: -0.49928564 | U9: -0.51326653 | V9: -0.49842507 | W9: -0.58678666 | X9: -0.58033646
A10: REG | B10: -0.041534117 | C10: -0.049334434 | D10: -0.05713475 | E10: 0.018729955 | F10: -0.018980813 | G10: 0.030419253 | H10: -0.044870591 | I10: -0.045970712 | J10: -0.049441853 | K10: -0.071833274 | L10: -0.069948301 | M10: -0.045896208 | N10: -0.10803552 | O10: -0.12808133 | P10: -0.20126272 | Q10: -0.24816602 | R10: -0.21731757 | S10: -0.17574213 | T10: -0.25699778 | U10: -0.19542482 | V10: -0.16593945 | W10: -0.22117265 | X10: -0.20299618
A11: RULE | B11: -0.26956643 | C11: -0.29959815 | D11: -0.32962987 | E11: -0.34416897 | F11: -0.36873835 | G11: -0.39369599 | H11: -0.34594212 | I11: -0.38351628 | J11: -0.33548143 | K11: -0.25663256 | L11: -0.23000798 | M11: -0.2225134 | N11: -0.29167502 | O11: -0.2699185 | P11: -0.22699897 | Q11: -0.27374763 | R11: -0.25982532 | S11: -0.30028431 | T11: -0.29006765 | U11: -0.27321895 | V11: -0.25758096 | W11: -0.21307272 | X11: -0.20477196
A12: VOICE | B12: -0.066090691 | C12: -0.081083047 | D12: -0.096075404 | E12: -0.090084243 | F12: -0.10595232 | G12: -0.12638263 | H12: -0.2161283 | I12: -0.2135702 | J12: -0.19273277 | K12: -0.20956365 | L12: -0.1905592 | M12: -0.19617392 | N12: -0.23144919 | O12: -0.24053519 | P12: -0.22708741 | Q12: -0.24263566 | R12: -0.23000381 | S12: -0.2255973 | T12: -0.23823168 | U12: -0.3041625 | V12: -0.31482037 | W12: -0.31180912 | X12: -0.35362789
